Hash,Algorithm,Filename,Malware reference,Source name,Source link
a196c6b8ffcb97ffb276d04f354696e2391311db3841ae16c8c9f56f36a38e92,SHA-256,stage1.exe,WhisperGate,Microsoft MSTIC,https://www.microsoft.com/security/blog/2022/01/15/destructive-malware-targeting-ukrainian-organizations/
dcbbae5a1c61dbbbb7dcd6dc5dd1eb1169f5329958d38b58c3fd9384081c9b78,SHA-256,stage2.exe,WhisperGate,Microsoft MSTIC,https://www.microsoft.com/security/blog/2022/01/15/destructive-malware-targeting-ukrainian-organizations/
923eb77b3c9e11d6c56052318c119c1a22d11ab71675e6b95d05eeb73d1accd6,SHA-256,Tbopbh.jpg (Reversed),WhisperGate,Cisco Intelligence Group,https://blog.talosintelligence.com/2022/01/ukraine-campaign-delivers-defacement.html
9ef7dbd3da51332a78eff19146d21c82957821e464e8133e9594a07d716d892d,SHA-256,Tbopbh.jpg,WhisperGate,Cisco Intelligence Group,https://blog.talosintelligence.com/2022/01/ukraine-campaign-delivers-defacement.html
db5a204a34969f60fe4a653f51d64eee024dbf018edea334e8b3df780eda846f,SHA-256,Nmddfrqqrbyjeygggda.vbs,WhisperGate,Nioguard,https://www.nioguard.com/2022/01/analysis-of-whispergate.html
34ca75a8c190f20b8a7596afeb255f2228cb2467bd210b2637965b61ac7ea907,SHA-256,,WhisperGate,Cisco Intelligence Group,https://blog.talosintelligence.com/2022/01/ukraine-campaign-delivers-defacement.html
4dc13bb83a16d4ff9865a51b3e4d24112327c526c1392e14d56f20d6f4eaf382,SHA-256,cc2.exe,HermeticRansom,ESET RESEARCH,https://www.welivesecurity.com/2022/03/01/isaacwiper-hermeticwizard-wiper-worm-targeting-ukraine/
1bc44eef75779e3ca1eefb8ff5a64807dbc942b1e4a2672d77b9f6928d292591,SHA-256,,HermeticWiper,Symantec,https://symantec-enterprise-blogs.security.com/blogs/threat-intelligence/ukraine-wiper-malware-russia
0385eeab00e946a302b24a91dea4187c1210597b8e17cd9e2230450f5ece21da,SHA-256,,HermeticWiper,Symantec,https://symantec-enterprise-blogs.security.com/blogs/threat-intelligence/ukraine-wiper-malware-russia
a64c3e0522fad787b95bfb6a30c3aed1b5786e69e88e023c062ec7e5cebf4d3e,SHA-256,,HermeticWiper,Symantec,https://symantec-enterprise-blogs.security.com/blogs/threat-intelligence/ukraine-wiper-malware-russia
06086c1da4590dcc7f1e10a6be3431e1166286a9e7761f2de9de79d7fda9c397,SHA-256,,HermeticWiper,PaloAlto,https://unit42.paloaltonetworks.com/preparing-for-cyber-impact-russia-ukraine-crisis/#indicators-of-compromise
3c557727953a8f6b4788984464fb77741b821991acbf5e746aebdd02615b1767,SHA-256,,HermeticWiper,PaloAlto,https://unit42.paloaltonetworks.com/preparing-for-cyber-impact-russia-ukraine-crisis/#indicators-of-compromise
2c10b2ec0b995b88c27d141d6f7b14d6b8177c52818687e4ff8e6ecf53adf5bf,SHA-256,,HermeticWiper,PaloAlto,https://unit42.paloaltonetworks.com/preparing-for-cyber-impact-russia-ukraine-crisis/#indicators-of-compromise
912342f1c840a42f6b74132f8a7c4ffe7d40fb77,SHA-1,,HermeticWiper,ESET RESEARCH,https://twitter.com/ESETresearch/status/1496581916367151115?s
61b25d11392172e587d8da3045812a66c3385451,SHA-1,,HermeticWiper,ESET RESEARCH,https://twitter.com/ESETresearch/status/1496581916367151115?s
eb845b7a16ed82bd248e395d9852f467,MD5,RCDATA_DRV_XP_X86 ms-compressed,HermeticWiper,SentinelOne,https://www.sentinelone.com/labs/hermetic-wiper-ukraine-under-attack/
095a1678021b034903c85dd5acb447ad,MD5,RCDATA_DRV_XP_X64 ms-compressed,HermeticWiper,SentinelOne,https://www.sentinelone.com/labs/hermetic-wiper-ukraine-under-attack/
231b3385ac17e41c5bb1b1fcb59599c4,MD5,RCDATA_DRV_X86 ms-compressed,HermeticWiper,SentinelOne,https://www.sentinelone.com/labs/hermetic-wiper-ukraine-under-attack/
a952e288a1ead66490b3275a807f52e5,MD5,RCDATA_DRV_X64 ms-compressed,HermeticWiper,SentinelOne,https://www.sentinelone.com/labs/hermetic-wiper-ukraine-under-attack/
96b77284744f8761c4f2558388e0aee2140618b484ff53fa8b222b340d2a9c84,SHA-256,%WINDIR%\system32\driver\<random_2chars>dr,HermeticWiper,Crowdstrike,https://www.reddit.com/r/crowdstrike/comments/t0vhe6/20220225_cool_query_friday_situational_awareness/?utm_source=share&utm_medium=ios_app&utm_name=iossmf
ca3c4cd3c2edc816c1130e6cac9bdd08f83aef0b8e6f3d09c2172c854fab125f,SHA-256,,HermeticWiper,Socrador,https://socradar.io/what-you-need-to-know-about-russian-cyber-escalation-in-ukraine/#IoCs-of-HermeticWiper
3c54c9a49a8ddca02189fe15fea52fe24f41a86f,SHA-1,c9EEAF78C9A12.dat,HermeticWizard,ESET RESEARCH,https://www.welivesecurity.com/2022/03/01/isaacwiper-hermeticwizard-wiper-worm-targeting-ukraine/
ad602039c6f0237d4a997d5640e92ce5e2b3bba3,SHA-1,cl64.dll,IsaacWiper,ESET RESEARCH,https://www.welivesecurity.com/2022/03/01/isaacwiper-hermeticwizard-wiper-worm-targeting-ukraine/
736a4cfad1ed83a6a0b75b0474d5e01a3a36f950,SHA-1,cld.dll,IsaacWiper,ESET RESEARCH,https://www.welivesecurity.com/2022/03/01/isaacwiper-hermeticwizard-wiper-worm-targeting-ukraine/
e9b96e9b86fad28d950ca428879168e0894d854f,SHA-1,clean.exe,IsaacWiper,ESET RESEARCH,https://www.welivesecurity.com/2022/03/01/isaacwiper-hermeticwizard-wiper-worm-targeting-ukraine/
23873bf2670cf64c2440058130548d4e4da412dd,SHA-1,XqoYMlBX.exe,Legitimate RemCom remote access tool,ESET RESEARCH,
50df5734dd0c6c5983c21278f119527f9fdf6ef1d7e808a29754ebc5253e9a86,SHA-256,cpd,Cyclops Blink,UK NCSC,https://www.ncsc.gov.uk/files/Cyclops-Blink-Malware-Analysis-Report.pdf
c082a9117294fa4880d75a2625cf80f63c8bb159b54a7151553969541ac35862,SHA-256,cpd,Cyclops Blink,UK NCSC,https://www.ncsc.gov.uk/files/Cyclops-Blink-Malware-Analysis-Report.pdf
4e69bbb61329ace36fbe62f9fb6ca49c37e2e5a5293545c44d155641934e39d1,SHA-256,install_upgrade,Cyclops Blink,UK NCSC,https://www.ncsc.gov.uk/files/Cyclops-Blink-Malware-Analysis-Report.pdf
ff17ccd8c96059461710711fcc8372cfea5f0f9eb566ceb6ab709ea871190dc6,SHA-256,install_upgrade,Cyclops Blink,UK NCSC,https://www.ncsc.gov.uk/files/Cyclops-Blink-Malware-Analysis-Report.pdf
82c426d9b8843f279ab9d5d2613ae874d0c359c483658d01e92cc5ac68f6ebcf,SHA-256,-,Katana,Cadosecurity,https://www.cadosecurity.com/technical-analysis-of-the-ddos-attacks-against-ukrainian-websites/
978672b911f0b1e529c9cf0bca824d3d3908606d0545a5ebbeb6c4726489a2ed,SHA-256,-,Katana,Cadosecurity,https://www.cadosecurity.com/technical-analysis-of-the-ddos-attacks-against-ukrainian-websites/
002e1b63a76a7125772cbf2ffd69e80d4d6491d72376ff04dafeb8c3cdc43831,SHA-256,-,-,Orange Cyber Defense,https://github.com/Orange-Cyberdefense/russia-ukraine_IOCs/blob/main/OCD-Datalake-russia-ukraine_IOCs-ALL.csv
00aa1fa6e40954f9e2128bc2c2322ffbffc6c8ecfa169efe60285c6c379c6351,SHA-256,-,-,Orange Cyber Defense,https://github.com/Orange-Cyberdefense/russia-ukraine_IOCs/blob/main/OCD-Datalake-russia-ukraine_IOCs-ALL.csv
029005b595c5b9f3c7ddb49883b325f8f0bf5d13b18010a38d04b15f227d2052,SHA-256,-,-,Orange Cyber Defense,https://github.com/Orange-Cyberdefense/russia-ukraine_IOCs/blob/main/OCD-Datalake-russia-ukraine_IOCs-ALL.csv
02c41bddd087522ce60f9376e499dcee6259853dcb50ddad70cb3ef8dd77c200,SHA-256,-,-,Orange Cyber Defense,https://github.com/Orange-Cyberdefense/russia-ukraine_IOCs/blob/main/OCD-Datalake-russia-ukraine_IOCs-ALL.csv
0336d521fce938c2ff9993cdfb181bcb,MD5,-,-,Orange Cyber Defense,https://github.com/Orange-Cyberdefense/russia-ukraine_IOCs/blob/main/OCD-Datalake-russia-ukraine_IOCs-ALL.csv
043d696c2199d61ee0a09be93e387498c6a53188c3e3ec20acfeccc9c9aeb251,SHA-256,-,-,Orange Cyber Defense,https://github.com/Orange-Cyberdefense/russia-ukraine_IOCs/blob/main/OCD-Datalake-russia-ukraine_IOCs-ALL.csv
05f1560026ad88eeb6c038239c87057743d942dbc6b64b14526e13d0415768dc,SHA-256,-,-,Orange Cyber Defense,https://github.com/Orange-Cyberdefense/russia-ukraine_IOCs/blob/main/OCD-Datalake-russia-ukraine_IOCs-ALL.csv
0632bc84e157bfce9a3d0600997faa21e4edb77865f67f598c7ca52f2f351e83,SHA-256,-,-,Orange Cyber Defense,https://github.com/Orange-Cyberdefense/russia-ukraine_IOCs/blob/main/OCD-Datalake-russia-ukraine_IOCs-ALL.csv
07698f9b727daec99c446525aca889fc086e3cf6e3c307afdd72adff0113ceb0,SHA-256,-,-,Orange Cyber Defense,https://github.com/Orange-Cyberdefense/russia-ukraine_IOCs/blob/main/OCD-Datalake-russia-ukraine_IOCs-ALL.csv
0869881422aa20a93eb4567794d9c8bac175dcbb02e4e3f5591a81266ca94102,SHA-256,-,-,Orange Cyber Defense,https://github.com/Orange-Cyberdefense/russia-ukraine_IOCs/blob/main/OCD-Datalake-russia-ukraine_IOCs-ALL.csv
0911c20a123b21c077a12b43914ff2f8a1bccf5a983d0561004cf86a27b5154a,SHA-256,-,-,Orange Cyber Defense,https://github.com/Orange-Cyberdefense/russia-ukraine_IOCs/blob/main/OCD-Datalake-russia-ukraine_IOCs-ALL.csv
091a1d5b947382d5e95f7e0177e92970618b72f5bb396c2f400fdd496a95c4dc,SHA-256,-,-,Orange Cyber Defense,https://github.com/Orange-Cyberdefense/russia-ukraine_IOCs/blob/main/OCD-Datalake-russia-ukraine_IOCs-ALL.csv
09631b2779858e05b39656940b392db85d627ca5fa525f177159677fc70efa39,SHA-256,-,-,Orange Cyber Defense,https://github.com/Orange-Cyberdefense/russia-ukraine_IOCs/blob/main/OCD-Datalake-russia-ukraine_IOCs-ALL.csv
0a03c874495ef4ee757085e395026b46,MD5,-,-,Orange Cyber Defense,https://github.com/Orange-Cyberdefense/russia-ukraine_IOCs/blob/main/OCD-Datalake-russia-ukraine_IOCs-ALL.csv
0a1b45efa89b0dc27ccd8610b6202916,MD5,-,-,Orange Cyber Defense,https://github.com/Orange-Cyberdefense/russia-ukraine_IOCs/blob/main/OCD-Datalake-russia-ukraine_IOCs-ALL.csv
0a39386fc9976c866edbae18529e3e51,MD5,-,-,Orange Cyber Defense,https://github.com/Orange-Cyberdefense/russia-ukraine_IOCs/blob/main/OCD-Datalake-russia-ukraine_IOCs-ALL.csv
0a7dd7fbb1ea338aa5c77d19855adaf9864c7a542b68a2818318169b41edb463,SHA-256,-,-,Orange Cyber Defense,https://github.com/Orange-Cyberdefense/russia-ukraine_IOCs/blob/main/OCD-Datalake-russia-ukraine_IOCs-ALL.csv
0ace5efc8f17a927bf8c82cc5458c9e25730bf48de36b036a75de241f326d581,SHA-256,-,-,Orange Cyber Defense,https://github.com/Orange-Cyberdefense/russia-ukraine_IOCs/blob/main/OCD-Datalake-russia-ukraine_IOCs-ALL.csv
0afce2247ffb53783259b7dc5a0afe04d918767c991db2da906277898fd80be5,SHA-256,-,-,Orange Cyber Defense,https://github.com/Orange-Cyberdefense/russia-ukraine_IOCs/blob/main/OCD-Datalake-russia-ukraine_IOCs-ALL.csv
0bfe7d56dcfb616156fc3069a721a97d403f903aaa996cc95bd433fafb74caa4,SHA-256,-,-,Orange Cyber Defense,https://github.com/Orange-Cyberdefense/russia-ukraine_IOCs/blob/main/OCD-Datalake-russia-ukraine_IOCs-ALL.csv
0d4b8e244f19a009cee50252f81da4a2f481da9ddb9b204ef61448d56340c137,SHA-256,-,-,Orange Cyber Defense,https://github.com/Orange-Cyberdefense/russia-ukraine_IOCs/blob/main/OCD-Datalake-russia-ukraine_IOCs-ALL.csv
0e00837d95eac249c831e1bae314ea9aa1ac3a60e3fc018eb81f6e14e822b6c5,SHA-256,-,-,Orange Cyber Defense,https://github.com/Orange-Cyberdefense/russia-ukraine_IOCs/blob/main/OCD-Datalake-russia-ukraine_IOCs-ALL.csv
0e5b4e578788760701630a810d1920d510015367bf90c1eab4373d0c48a921d9,SHA-256,-,-,Orange Cyber Defense,https://github.com/Orange-Cyberdefense/russia-ukraine_IOCs/blob/main/OCD-Datalake-russia-ukraine_IOCs-ALL.csv
0fb55f55ffca9927472f7ada8fdd9d84bc57108860be0f1c737d5111d3020b5a,SHA-256,-,-,Orange Cyber Defense,https://github.com/Orange-Cyberdefense/russia-ukraine_IOCs/blob/main/OCD-Datalake-russia-ukraine_IOCs-ALL.csv
103a6245294ddabf46efe6a13ebf4bb60e922663ce47003411b57f8bfc413e60,SHA-256,-,-,Orange Cyber Defense,https://github.com/Orange-Cyberdefense/russia-ukraine_IOCs/blob/main/OCD-Datalake-russia-ukraine_IOCs-ALL.csv
1164ba0688458c44b2063894100ecdc52221eb85b82a5044c55043e7918d4a19,SHA-256,-,-,Orange Cyber Defense,https://github.com/Orange-Cyberdefense/russia-ukraine_IOCs/blob/main/OCD-Datalake-russia-ukraine_IOCs-ALL.csv
13cbf286f1c0739b692cb729db517b092dcb11f8291d5a6ea3595bc382821939,SHA-256,-,-,Orange Cyber Defense,https://github.com/Orange-Cyberdefense/russia-ukraine_IOCs/blob/main/OCD-Datalake-russia-ukraine_IOCs-ALL.csv
14061ecc1c870bc941a39451cd6e90c4ec575bbc05c1f2b1362e0d374dc0c06e,SHA-256,-,-,Orange Cyber Defense,https://github.com/Orange-Cyberdefense/russia-ukraine_IOCs/blob/main/OCD-Datalake-russia-ukraine_IOCs-ALL.csv
14c8482f302b5e81e3fa1b18a509289d,MD5,-,-,Orange Cyber Defense,https://github.com/Orange-Cyberdefense/russia-ukraine_IOCs/blob/main/OCD-Datalake-russia-ukraine_IOCs-ALL.csv
15099fc6aea1961164954033b397d773ebf4b3ef7a5567feb064329be6236a01,SHA-256,-,-,Orange Cyber Defense,https://github.com/Orange-Cyberdefense/russia-ukraine_IOCs/blob/main/OCD-Datalake-russia-ukraine_IOCs-ALL.csv
15fa3b32539d7453a9a85958b77d4c95,MD5,-,-,Orange Cyber Defense,https://github.com/Orange-Cyberdefense/russia-ukraine_IOCs/blob/main/OCD-Datalake-russia-ukraine_IOCs-ALL.csv
16a89b871c1570c651f019b82367d00b99b0c11cddd90851839956a5dfc6a1b0,SHA-256,-,-,Orange Cyber Defense,https://github.com/Orange-Cyberdefense/russia-ukraine_IOCs/blob/main/OCD-Datalake-russia-ukraine_IOCs-ALL.csv
175000802098974b1949626db8ee0005,MD5,-,-,Orange Cyber Defense,https://github.com/Orange-Cyberdefense/russia-ukraine_IOCs/blob/main/OCD-Datalake-russia-ukraine_IOCs-ALL.csv
17b278045a8814170e06d7532e17b831bede8d968ee1a562ca2e9e9b9634c286,SHA-256,-,-,Orange Cyber Defense,https://github.com/Orange-Cyberdefense/russia-ukraine_IOCs/blob/main/OCD-Datalake-russia-ukraine_IOCs-ALL.csv
182ec5f3859a78ce0c42995ecf63a0e412ff189b02b57a20057d2886a9098d88,SHA-256,-,-,Orange Cyber Defense,https://github.com/Orange-Cyberdefense/russia-ukraine_IOCs/blob/main/OCD-Datalake-russia-ukraine_IOCs-ALL.csv
18d9744147bde7d2cd4322391f9ee5fa828b4b23ba669e87a71d39ee84fb1278,SHA-256,-,-,Orange Cyber Defense,https://github.com/Orange-Cyberdefense/russia-ukraine_IOCs/blob/main/OCD-Datalake-russia-ukraine_IOCs-ALL.csv
19888c043afde1f63f25a807192170bc65377e6c89f693ad7af70c0a03a349ed,SHA-256,-,-,Orange Cyber Defense,https://github.com/Orange-Cyberdefense/russia-ukraine_IOCs/blob/main/OCD-Datalake-russia-ukraine_IOCs-ALL.csv
19e471cd9e5ec3b896bf57215974e463dfe6c15cdb2ef8fde61b21a045cb8fe0,SHA-256,-,-,Orange Cyber Defense,https://github.com/Orange-Cyberdefense/russia-ukraine_IOCs/blob/main/OCD-Datalake-russia-ukraine_IOCs-ALL.csv
1c0110a4f862b54196676c4a77250ea5a5e1ec5be48071f794227769bd25e8de,SHA-256,-,-,Orange Cyber Defense,https://github.com/Orange-Cyberdefense/russia-ukraine_IOCs/blob/main/OCD-Datalake-russia-ukraine_IOCs-ALL.csv
1cf3ff8141a065e2e9e312102a462804,MD5,-,-,Orange Cyber Defense,https://github.com/Orange-Cyberdefense/russia-ukraine_IOCs/blob/main/OCD-Datalake-russia-ukraine_IOCs-ALL.csv
1d8a5b468c90eeb8d6787a2578e840c1f1ff275819fa2dd54d8072304b315178,SHA-256,-,-,Orange Cyber Defense,https://github.com/Orange-Cyberdefense/russia-ukraine_IOCs/blob/main/OCD-Datalake-russia-ukraine_IOCs-ALL.csv
1ddc9b873fe4f4c8cf8978b6b1bb0e4d9dc07e60ba188ac6a5ad8f162d2a1e8f,SHA-256,-,-,Orange Cyber Defense,https://github.com/Orange-Cyberdefense/russia-ukraine_IOCs/blob/main/OCD-Datalake-russia-ukraine_IOCs-ALL.csv
1ea3881d5d03214d6b7e37fb7b10221ef51782080a24cc3e275f42a3c1ea99c1,SHA-256,-,-,Orange Cyber Defense,https://github.com/Orange-Cyberdefense/russia-ukraine_IOCs/blob/main/OCD-Datalake-russia-ukraine_IOCs-ALL.csv
1eacf997ad8ee80f414e6b314337042e457d3eed15f6ebd3281960eec2fd35c5,SHA-256,-,-,Orange Cyber Defense,https://github.com/Orange-Cyberdefense/russia-ukraine_IOCs/blob/main/OCD-Datalake-russia-ukraine_IOCs-ALL.csv
1fcf5b775296efe4eadeb39ac04119632f682b76df7b06127946fde5a89f744d,SHA-256,-,-,Orange Cyber Defense,https://github.com/Orange-Cyberdefense/russia-ukraine_IOCs/blob/main/OCD-Datalake-russia-ukraine_IOCs-ALL.csv
20ed76a79bbdf370baca53eee47c1ee0,MD5,-,-,Orange Cyber Defense,https://github.com/Orange-Cyberdefense/russia-ukraine_IOCs/blob/main/OCD-Datalake-russia-ukraine_IOCs-ALL.csv
20ee11f37e0977be06082c75795baf90,MD5,-,-,Orange Cyber Defense,https://github.com/Orange-Cyberdefense/russia-ukraine_IOCs/blob/main/OCD-Datalake-russia-ukraine_IOCs-ALL.csv
218b41eabe00c38f42aa51732ac922a43dfab9375ee6db33227a4a66e2c10798,SHA-256,-,-,Orange Cyber Defense,https://github.com/Orange-Cyberdefense/russia-ukraine_IOCs/blob/main/OCD-Datalake-russia-ukraine_IOCs-ALL.csv
220825ea411ee933315688fbe1af74287bb0703803e514e7f78423d81584581e,SHA-256,-,-,Orange Cyber Defense,https://github.com/Orange-Cyberdefense/russia-ukraine_IOCs/blob/main/OCD-Datalake-russia-ukraine_IOCs-ALL.csv
223c55ede1303d47b8516546ee2536cce8539d761790fd3b9657ba5bd869040e,SHA-256,-,-,Orange Cyber Defense,https://github.com/Orange-Cyberdefense/russia-ukraine_IOCs/blob/main/OCD-Datalake-russia-ukraine_IOCs-ALL.csv
233924d215d4fcbfbf96b8379a684f6519dd7f217bf54087ca38e23d2f7f6840,SHA-256,-,-,Orange Cyber Defense,https://github.com/Orange-Cyberdefense/russia-ukraine_IOCs/blob/main/OCD-Datalake-russia-ukraine_IOCs-ALL.csv
23725c0994c065d9221fa3d6a91eb0693410dd2585c835c935db04b812b1486f,SHA-256,-,-,Orange Cyber Defense,https://github.com/Orange-Cyberdefense/russia-ukraine_IOCs/blob/main/OCD-Datalake-russia-ukraine_IOCs-ALL.csv
23a3481740118ae04af1699b7c02e9e450ff965d2ec72324481d5cd051394989,SHA-256,-,-,Orange Cyber Defense,https://github.com/Orange-Cyberdefense/russia-ukraine_IOCs/blob/main/OCD-Datalake-russia-ukraine_IOCs-ALL.csv
23d417cd0d3dc0517adb49b10ef11d53e173ae7b427dbb6a7ddf45180056c029,SHA-256,-,-,Orange Cyber Defense,https://github.com/Orange-Cyberdefense/russia-ukraine_IOCs/blob/main/OCD-Datalake-russia-ukraine_IOCs-ALL.csv
23dd82d729e5f6e40bbf1fc7d2afa593d7f84982d39f938fb706d31b3697134e,SHA-256,-,-,Orange Cyber Defense,https://github.com/Orange-Cyberdefense/russia-ukraine_IOCs/blob/main/OCD-Datalake-russia-ukraine_IOCs-ALL.csv
2407793f8bd2b4f3b9b14c4227b6110e48bb0b5388d181cf9eaa9585f4d595b1,SHA-256,-,-,Orange Cyber Defense,https://github.com/Orange-Cyberdefense/russia-ukraine_IOCs/blob/main/OCD-Datalake-russia-ukraine_IOCs-ALL.csv
24543fdb4a5cca5d93a9ffc052c9b0c15ce23999d70cfafa05e59cc31627bce5,SHA-256,-,-,Orange Cyber Defense,https://github.com/Orange-Cyberdefense/russia-ukraine_IOCs/blob/main/OCD-Datalake-russia-ukraine_IOCs-ALL.csv
27a96808f70808396af5c7cfd8e4a5084f2d2f9ccd83637084db05c2325d2832,SHA-256,-,-,Orange Cyber Defense,https://github.com/Orange-Cyberdefense/russia-ukraine_IOCs/blob/main/OCD-Datalake-russia-ukraine_IOCs-ALL.csv
280a55919e502ecb66082107374e5b71a534338a8a7c02680cc4f1f84a204d59,SHA-256,-,-,Orange Cyber Defense,https://github.com/Orange-Cyberdefense/russia-ukraine_IOCs/blob/main/OCD-Datalake-russia-ukraine_IOCs-ALL.csv
283937afa83ac2bfc38f8bb3478704ae65f372b52809def5782a697d1dbf4fd3,SHA-256,-,-,Orange Cyber Defense,https://github.com/Orange-Cyberdefense/russia-ukraine_IOCs/blob/main/OCD-Datalake-russia-ukraine_IOCs-ALL.csv
28c5629b18b097015ef8c256a8a7f2019ddc1a362a92a0379dd5d0c98b0e33d3,SHA-256,-,-,Orange Cyber Defense,https://github.com/Orange-Cyberdefense/russia-ukraine_IOCs/blob/main/OCD-Datalake-russia-ukraine_IOCs-ALL.csv
28f8653c8bf051d19be31b6be9ac00d0220b845757f747358ab116684707fa7a,SHA-256,-,-,Orange Cyber Defense,https://github.com/Orange-Cyberdefense/russia-ukraine_IOCs/blob/main/OCD-Datalake-russia-ukraine_IOCs-ALL.csv
2afa203a5589ce0e6c01868b7203edc2fa8faa9c9227d717533cf7e156408e28,SHA-256,-,-,Orange Cyber Defense,https://github.com/Orange-Cyberdefense/russia-ukraine_IOCs/blob/main/OCD-Datalake-russia-ukraine_IOCs-ALL.csv
2c89dab8f7974bf40ae57a4daea817d46fa470df803fcf6e435a2e2cec94068a,SHA-256,-,-,Orange Cyber Defense,https://github.com/Orange-Cyberdefense/russia-ukraine_IOCs/blob/main/OCD-Datalake-russia-ukraine_IOCs-ALL.csv
2cf0408ed2819bbdb36b2fd113c64339ceee893dce971e723de3d01a3e3dadbb,SHA-256,-,-,Orange Cyber Defense,https://github.com/Orange-Cyberdefense/russia-ukraine_IOCs/blob/main/OCD-Datalake-russia-ukraine_IOCs-ALL.csv
2da473d1f510d0ddbae074a6c13953863c25be479acedc899c5529ec55bd2a65,SHA-256,-,-,Orange Cyber Defense,https://github.com/Orange-Cyberdefense/russia-ukraine_IOCs/blob/main/OCD-Datalake-russia-ukraine_IOCs-ALL.csv
2ef4275e4ca83f726839c7de922d8d60c3d1df292275f2a0afb252ef109aed42,SHA-256,-,-,Orange Cyber Defense,https://github.com/Orange-Cyberdefense/russia-ukraine_IOCs/blob/main/OCD-Datalake-russia-ukraine_IOCs-ALL.csv
2f2cad1c9ca8c17aa5bc126df43bfc14dcba3f278d41151bf847278ba1ec940c,SHA-256,-,-,Orange Cyber Defense,https://github.com/Orange-Cyberdefense/russia-ukraine_IOCs/blob/main/OCD-Datalake-russia-ukraine_IOCs-ALL.csv
304de8f4548cb616c97fcc841132a704f449c5dae709e7d1fb25810e7136cb46,SHA-256,-,-,Orange Cyber Defense,https://github.com/Orange-Cyberdefense/russia-ukraine_IOCs/blob/main/OCD-Datalake-russia-ukraine_IOCs-ALL.csv
31d765deae26fb5cb506635754c700c57f9bd0fc643a622dc0911c42bf93d18f,SHA-256,-,-,Orange Cyber Defense,https://github.com/Orange-Cyberdefense/russia-ukraine_IOCs/blob/main/OCD-Datalake-russia-ukraine_IOCs-ALL.csv
32d24fc67ab84789cd000c22ea377d8c80bcbc27784366a425da2d1874439d09,SHA-256,-,-,Orange Cyber Defense,https://github.com/Orange-Cyberdefense/russia-ukraine_IOCs/blob/main/OCD-Datalake-russia-ukraine_IOCs-ALL.csv
32df8c49d6f89722c6aca8943883cfff3cdf34074e87ff48f7c96da5d732c02b,SHA-256,-,-,Orange Cyber Defense,https://github.com/Orange-Cyberdefense/russia-ukraine_IOCs/blob/main/OCD-Datalake-russia-ukraine_IOCs-ALL.csv
33d30cc71324c24c74d7575d7bfaebd578607122cc581f093267a9c511da044b,SHA-256,-,-,Orange Cyber Defense,https://github.com/Orange-Cyberdefense/russia-ukraine_IOCs/blob/main/OCD-Datalake-russia-ukraine_IOCs-ALL.csv
33d511a761a663863426dc41499f7d851e9824678ed7d7f481dc4dd680bad9de,SHA-256,-,-,Orange Cyber Defense,https://github.com/Orange-Cyberdefense/russia-ukraine_IOCs/blob/main/OCD-Datalake-russia-ukraine_IOCs-ALL.csv
352b5ec506823ffc008e7b71b2968a282ea6ac08cf372ac23cc87d957ecbd889,SHA-256,-,-,Orange Cyber Defense,https://github.com/Orange-Cyberdefense/russia-ukraine_IOCs/blob/main/OCD-Datalake-russia-ukraine_IOCs-ALL.csv
356140d3c25d86a1ff14a5a34ed99da9398d473241dedb2d1f6413588b347ce2,SHA-256,-,-,Orange Cyber Defense,https://github.com/Orange-Cyberdefense/russia-ukraine_IOCs/blob/main/OCD-Datalake-russia-ukraine_IOCs-ALL.csv
367117e3acf6317b4cec64e514d461f9e761146aca0cb6eed9ef5a1fb35b63cc,SHA-256,-,-,Orange Cyber Defense,https://github.com/Orange-Cyberdefense/russia-ukraine_IOCs/blob/main/OCD-Datalake-russia-ukraine_IOCs-ALL.csv
36f5344dbca7962a9c7d17040bc7aa90,MD5,-,-,Orange Cyber Defense,https://github.com/Orange-Cyberdefense/russia-ukraine_IOCs/blob/main/OCD-Datalake-russia-ukraine_IOCs-ALL.csv
38db59ec01e0defb14773af0d6a4437f,MD5,-,-,Orange Cyber Defense,https://github.com/Orange-Cyberdefense/russia-ukraine_IOCs/blob/main/OCD-Datalake-russia-ukraine_IOCs-ALL.csv
3974f0b347dd42c5bd9d695a965f2fdd5a03b232702cb1162aad11307b68b6d7,SHA-256,-,-,Orange Cyber Defense,https://github.com/Orange-Cyberdefense/russia-ukraine_IOCs/blob/main/OCD-Datalake-russia-ukraine_IOCs-ALL.csv
3a4f3a39d32715a57c9985690a3fea76140ba832a1bfbb0c6aa3b6270661e12c,SHA-256,-,-,Orange Cyber Defense,https://github.com/Orange-Cyberdefense/russia-ukraine_IOCs/blob/main/OCD-Datalake-russia-ukraine_IOCs-ALL.csv
3aac1c049eb628e1c289d3fc3a209f9262ed4cef862a3e2157bd6f3b02cc4698,SHA-256,-,-,Orange Cyber Defense,https://github.com/Orange-Cyberdefense/russia-ukraine_IOCs/blob/main/OCD-Datalake-russia-ukraine_IOCs-ALL.csv
3b6445cf6f8e9e70cb0fff35d723fec8203375d67cbd67c9a672cddc02a7ff99,SHA-256,-,-,Orange Cyber Defense,https://github.com/Orange-Cyberdefense/russia-ukraine_IOCs/blob/main/OCD-Datalake-russia-ukraine_IOCs-ALL.csv
3bab73a7ba6b84d9c070bb7f71daab5b40fcb6ee0387b67be51e978a47c25439,SHA-256,-,-,Orange Cyber Defense,https://github.com/Orange-Cyberdefense/russia-ukraine_IOCs/blob/main/OCD-Datalake-russia-ukraine_IOCs-ALL.csv
3d00076c999de471d8e966e6465d9474,MD5,-,-,Orange Cyber Defense,https://github.com/Orange-Cyberdefense/russia-ukraine_IOCs/blob/main/OCD-Datalake-russia-ukraine_IOCs-ALL.csv
3d80541e59b4bedac6bd275514c0941b1478d62d6ef8b8560720d05a83c0a910,SHA-256,-,-,Orange Cyber Defense,https://github.com/Orange-Cyberdefense/russia-ukraine_IOCs/blob/main/OCD-Datalake-russia-ukraine_IOCs-ALL.csv
3dca96ef38d4b8d1dbb4afed43a22ace93cc3a0a105120d4cf637e6dafe129e9,SHA-256,-,-,Orange Cyber Defense,https://github.com/Orange-Cyberdefense/russia-ukraine_IOCs/blob/main/OCD-Datalake-russia-ukraine_IOCs-ALL.csv
3e1d17efe857c935869fc28ce94c3528f7f5232fcebd40442a7c3c388e3d69be,SHA-256,-,-,Orange Cyber Defense,https://github.com/Orange-Cyberdefense/russia-ukraine_IOCs/blob/main/OCD-Datalake-russia-ukraine_IOCs-ALL.csv
3e273cec5fd77784c72f90018f11e0690387c9fde93defca16a971c8396f64df,SHA-256,-,-,Orange Cyber Defense,https://github.com/Orange-Cyberdefense/russia-ukraine_IOCs/blob/main/OCD-Datalake-russia-ukraine_IOCs-ALL.csv
3f4a16b29f2f0532b7ce3e7656799125,MD5,-,-,Orange Cyber Defense,https://github.com/Orange-Cyberdefense/russia-ukraine_IOCs/blob/main/OCD-Datalake-russia-ukraine_IOCs-ALL.csv
3fede347c45eccd0967431b7496672d43b057a3a3e42dc2922421cb7f2457d43,SHA-256,-,-,Orange Cyber Defense,https://github.com/Orange-Cyberdefense/russia-ukraine_IOCs/blob/main/OCD-Datalake-russia-ukraine_IOCs-ALL.csv
40183c41395eccd076a6baf0c16a6c6e7e44f6f6d6366ef885228144f631a9a6,SHA-256,-,-,Orange Cyber Defense,https://github.com/Orange-Cyberdefense/russia-ukraine_IOCs/blob/main/OCD-Datalake-russia-ukraine_IOCs-ALL.csv
412a761d6040f097390e4f04b619908856cebc79c76231b5838a96a3b6570b76,SHA-256,-,-,Orange Cyber Defense,https://github.com/Orange-Cyberdefense/russia-ukraine_IOCs/blob/main/OCD-Datalake-russia-ukraine_IOCs-ALL.csv
4139524d2b3a350913e96a778cdcc41dfaa08542f59bef8ecc12b66a726c549c,SHA-256,-,-,Orange Cyber Defense,https://github.com/Orange-Cyberdefense/russia-ukraine_IOCs/blob/main/OCD-Datalake-russia-ukraine_IOCs-ALL.csv
4237d7bf3fcfe99a4ef192fb19dedb5f,MD5,-,-,Orange Cyber Defense,https://github.com/Orange-Cyberdefense/russia-ukraine_IOCs/blob/main/OCD-Datalake-russia-ukraine_IOCs-ALL.csv
42f8223ba588d510e2f2a00ca6500ba1b71684509f10695a156069876600ccdc,SHA-256,-,-,Orange Cyber Defense,https://github.com/Orange-Cyberdefense/russia-ukraine_IOCs/blob/main/OCD-Datalake-russia-ukraine_IOCs-ALL.csv
43d4d4eeac6ced784911ac4d6b24768d7875347a7d018850d8ee79aaef664286,SHA-256,-,-,Orange Cyber Defense,https://github.com/Orange-Cyberdefense/russia-ukraine_IOCs/blob/main/OCD-Datalake-russia-ukraine_IOCs-ALL.csv
44ef2dde18f13cd5f25f7489c72610eedd56e3f4aa3ba1030f549892f43871e0,SHA-256,-,-,Orange Cyber Defense,https://github.com/Orange-Cyberdefense/russia-ukraine_IOCs/blob/main/OCD-Datalake-russia-ukraine_IOCs-ALL.csv
453a5b417cdb4cabd16fb4a2ca446bde,MD5,-,-,Orange Cyber Defense,https://github.com/Orange-Cyberdefense/russia-ukraine_IOCs/blob/main/OCD-Datalake-russia-ukraine_IOCs-ALL.csv
45f8a037bf622bbee8ea50e069ffd74f8ffcb2273b3d3a1bd961b5f725de04a0,SHA-256,-,-,Orange Cyber Defense,https://github.com/Orange-Cyberdefense/russia-ukraine_IOCs/blob/main/OCD-Datalake-russia-ukraine_IOCs-ALL.csv
46c9937a0b2dceecb78e3e02526a1c8ac6a21d3460b1af52c1e1b996f14a3442,SHA-256,-,-,Orange Cyber Defense,https://github.com/Orange-Cyberdefense/russia-ukraine_IOCs/blob/main/OCD-Datalake-russia-ukraine_IOCs-ALL.csv
476e78c8777a6e344177c71953b27c27b4b572985e70e8a8594ff8b86bf66aa3,SHA-256,-,-,Orange Cyber Defense,https://github.com/Orange-Cyberdefense/russia-ukraine_IOCs/blob/main/OCD-Datalake-russia-ukraine_IOCs-ALL.csv
47a436b71078dcb85f24dc16e2b7fcb61229f0282a5330ce4f3ddb37a3479801,SHA-256,-,-,Orange Cyber Defense,https://github.com/Orange-Cyberdefense/russia-ukraine_IOCs/blob/main/OCD-Datalake-russia-ukraine_IOCs-ALL.csv
47fc29821791bb47ce2e9aebb4ee997b163ea2e6988674d84895ee80baa966f0,SHA-256,-,-,Orange Cyber Defense,https://github.com/Orange-Cyberdefense/russia-ukraine_IOCs/blob/main/OCD-Datalake-russia-ukraine_IOCs-ALL.csv
490365b7579861fdef91aff3d83a1972657a35505b193f363b934faa7955132c,SHA-256,-,-,Orange Cyber Defense,https://github.com/Orange-Cyberdefense/russia-ukraine_IOCs/blob/main/OCD-Datalake-russia-ukraine_IOCs-ALL.csv
491426b9c10d17708ffac9acbe761d27,MD5,-,-,Orange Cyber Defense,https://github.com/Orange-Cyberdefense/russia-ukraine_IOCs/blob/main/OCD-Datalake-russia-ukraine_IOCs-ALL.csv
4b7aecb006b8d3543265fc051e9b435bc0a8bb2698d5351604263e52a0af4a7c,SHA-256,-,-,Orange Cyber Defense,https://github.com/Orange-Cyberdefense/russia-ukraine_IOCs/blob/main/OCD-Datalake-russia-ukraine_IOCs-ALL.csv
4b86b7902adda55a9672c41bdfd6eff0ff3d6aa6a5accf8cf2b029e17d9cb25a,SHA-256,-,-,Orange Cyber Defense,https://github.com/Orange-Cyberdefense/russia-ukraine_IOCs/blob/main/OCD-Datalake-russia-ukraine_IOCs-ALL.csv
4de8d004ce3d223a67b89cfa45e837a9f90ce13408215e9c98d5b04820c64088,SHA-256,-,-,Orange Cyber Defense,https://github.com/Orange-Cyberdefense/russia-ukraine_IOCs/blob/main/OCD-Datalake-russia-ukraine_IOCs-ALL.csv
4e9c8ef5e6391a9b4a705803dc8f2daaa72e3a448abd00fad36d34fe36f53887,SHA-256,-,-,Orange Cyber Defense,https://github.com/Orange-Cyberdefense/russia-ukraine_IOCs/blob/main/OCD-Datalake-russia-ukraine_IOCs-ALL.csv
4fc25c15ec17895569bcd9808efc8fa6,MD5,-,-,Orange Cyber Defense,https://github.com/Orange-Cyberdefense/russia-ukraine_IOCs/blob/main/OCD-Datalake-russia-ukraine_IOCs-ALL.csv
50e9f2472966d469807c36b3d464e6bf2cf99b98b00cc62e4edda7180bac061b,SHA-256,-,-,Orange Cyber Defense,https://github.com/Orange-Cyberdefense/russia-ukraine_IOCs/blob/main/OCD-Datalake-russia-ukraine_IOCs-ALL.csv
518370ed9b1a507a0e86e82e2bf8a267251691bce822d4b1419f93563937ebad,SHA-256,-,-,Orange Cyber Defense,https://github.com/Orange-Cyberdefense/russia-ukraine_IOCs/blob/main/OCD-Datalake-russia-ukraine_IOCs-ALL.csv
521d7daa30ee393c9d5f7ce7f0ecb2d59c6698080932c247752768ae876ffd4a,SHA-256,-,-,Orange Cyber Defense,https://github.com/Orange-Cyberdefense/russia-ukraine_IOCs/blob/main/OCD-Datalake-russia-ukraine_IOCs-ALL.csv
5271f59f0983382ac3e615265a904d044f8e3825c3d60b3d39a6e9a14bb3e780,SHA-256,-,-,Orange Cyber Defense,https://github.com/Orange-Cyberdefense/russia-ukraine_IOCs/blob/main/OCD-Datalake-russia-ukraine_IOCs-ALL.csv
5339f3468fa4bbb6b10073289b6cfe18b28b1db9c9d5e72c810e0435b1668e9f,SHA-256,-,-,Orange Cyber Defense,https://github.com/Orange-Cyberdefense/russia-ukraine_IOCs/blob/main/OCD-Datalake-russia-ukraine_IOCs-ALL.csv
535f533b1008a55c89cab7f4d4163e609d0d6e5b512002022d2634e74e84edf9,SHA-256,-,-,Orange Cyber Defense,https://github.com/Orange-Cyberdefense/russia-ukraine_IOCs/blob/main/OCD-Datalake-russia-ukraine_IOCs-ALL.csv
53be28a251260e4f6d818a0dcae30280b5db6f1791780bb9bac0633523bf3ac3,SHA-256,-,-,Orange Cyber Defense,https://github.com/Orange-Cyberdefense/russia-ukraine_IOCs/blob/main/OCD-Datalake-russia-ukraine_IOCs-ALL.csv
5440415c4a1702084a7c49b7024d0c75b9528b71d1faa4c744e95435dad6b533,SHA-256,-,-,Orange Cyber Defense,https://github.com/Orange-Cyberdefense/russia-ukraine_IOCs/blob/main/OCD-Datalake-russia-ukraine_IOCs-ALL.csv
556151454abeec6ed615489b451d963075cb3ef0b3a17d36d6e0fa81816fe646,SHA-256,-,-,Orange Cyber Defense,https://github.com/Orange-Cyberdefense/russia-ukraine_IOCs/blob/main/OCD-Datalake-russia-ukraine_IOCs-ALL.csv
557ec4e0314c9f84fa49f9a01287d22d5c3885648a2194fdf9cdbf42356e65a6,SHA-256,-,-,Orange Cyber Defense,https://github.com/Orange-Cyberdefense/russia-ukraine_IOCs/blob/main/OCD-Datalake-russia-ukraine_IOCs-ALL.csv
55d8fd4e56523725ad11ccacfb618324360c658c5f44c4f157df6a569cb0277b,SHA-256,-,-,Orange Cyber Defense,https://github.com/Orange-Cyberdefense/russia-ukraine_IOCs/blob/main/OCD-Datalake-russia-ukraine_IOCs-ALL.csv
56331bbea28b502cf83c93bb4cb51d0ba67a175d7faa6b5725526574e7040961,SHA-256,-,-,Orange Cyber Defense,https://github.com/Orange-Cyberdefense/russia-ukraine_IOCs/blob/main/OCD-Datalake-russia-ukraine_IOCs-ALL.csv
5763530f25ed0ec08fb26a30c04009f1,MD5,-,-,Orange Cyber Defense,https://github.com/Orange-Cyberdefense/russia-ukraine_IOCs/blob/main/OCD-Datalake-russia-ukraine_IOCs-ALL.csv
57e3e630fa503d93c5847a22f84d5a3129a618f2cdf048837acce94a78204675,SHA-256,-,-,Orange Cyber Defense,https://github.com/Orange-Cyberdefense/russia-ukraine_IOCs/blob/main/OCD-Datalake-russia-ukraine_IOCs-ALL.csv
58075401e25cfe4a3abf6864860fc846ec313dc1add20d686990f0d626f2a597,SHA-256,-,-,Orange Cyber Defense,https://github.com/Orange-Cyberdefense/russia-ukraine_IOCs/blob/main/OCD-Datalake-russia-ukraine_IOCs-ALL.csv
583741d4b693d5af79cda7fc534ce2d404074a10e1efe0010c62339da4a26afd,SHA-256,-,-,Orange Cyber Defense,https://github.com/Orange-Cyberdefense/russia-ukraine_IOCs/blob/main/OCD-Datalake-russia-ukraine_IOCs-ALL.csv
5aba3e24b78100834563aa08385ffc7068a241b9bdd99b11a4f527d79f65b4fe,SHA-256,-,-,Orange Cyber Defense,https://github.com/Orange-Cyberdefense/russia-ukraine_IOCs/blob/main/OCD-Datalake-russia-ukraine_IOCs-ALL.csv
5aba4f68dcb7107f921d12410b62b538,MD5,-,-,Orange Cyber Defense,https://github.com/Orange-Cyberdefense/russia-ukraine_IOCs/blob/main/OCD-Datalake-russia-ukraine_IOCs-ALL.csv
5b61e385d9f2801953a6149a6e63bc3790dc686f147e91163584c7833dd3d7b1,SHA-256,-,-,Orange Cyber Defense,https://github.com/Orange-Cyberdefense/russia-ukraine_IOCs/blob/main/OCD-Datalake-russia-ukraine_IOCs-ALL.csv
5bf5532a1eef0e8b4e648cb0ce392e48d1a5af35c7a6ceedc4464821ff40278c,SHA-256,-,-,Orange Cyber Defense,https://github.com/Orange-Cyberdefense/russia-ukraine_IOCs/blob/main/OCD-Datalake-russia-ukraine_IOCs-ALL.csv
5c18878e6d36906f9349ea404f0e3fa0e4b4432e663b3d58a738510b3e3c08e2,SHA-256,-,-,Orange Cyber Defense,https://github.com/Orange-Cyberdefense/russia-ukraine_IOCs/blob/main/OCD-Datalake-russia-ukraine_IOCs-ALL.csv
5c8e7b35e40fc6613a8ec304f36c9ea1986a51c65a0389445f90778e94fa15ed,SHA-256,-,-,Orange Cyber Defense,https://github.com/Orange-Cyberdefense/russia-ukraine_IOCs/blob/main/OCD-Datalake-russia-ukraine_IOCs-ALL.csv
5d5c99a08a7d927346ca2dafa7973fc1,MD5,-,-,Orange Cyber Defense,https://github.com/Orange-Cyberdefense/russia-ukraine_IOCs/blob/main/OCD-Datalake-russia-ukraine_IOCs-ALL.csv
5e579ac1dae325b86ed964ea00926e902a6d32a7d37d8eed4b40db7caed303f6,SHA-256,-,-,Orange Cyber Defense,https://github.com/Orange-Cyberdefense/russia-ukraine_IOCs/blob/main/OCD-Datalake-russia-ukraine_IOCs-ALL.csv
5f9bc1ff8ab3d0ced84262a7f8f70d12a5077761eed33540300f809427153f67,SHA-256,-,-,Orange Cyber Defense,https://github.com/Orange-Cyberdefense/russia-ukraine_IOCs/blob/main/OCD-Datalake-russia-ukraine_IOCs-ALL.csv
60539634489764d9e590433ef632727aa465075befcb4f2d4f60405c0f8e600c,SHA-256,-,-,Orange Cyber Defense,https://github.com/Orange-Cyberdefense/russia-ukraine_IOCs/blob/main/OCD-Datalake-russia-ukraine_IOCs-ALL.csv
605b252e70e37bc187d19984b38be26832b6957ad003799c82f973924b506c44,SHA-256,-,-,Orange Cyber Defense,https://github.com/Orange-Cyberdefense/russia-ukraine_IOCs/blob/main/OCD-Datalake-russia-ukraine_IOCs-ALL.csv
6126072bac10935b539660b9879097889c52070816ecb3042f54c1d563bac6e0,SHA-256,-,-,Orange Cyber Defense,https://github.com/Orange-Cyberdefense/russia-ukraine_IOCs/blob/main/OCD-Datalake-russia-ukraine_IOCs-ALL.csv
612fc508dc63c4c4f8b033c1f5bb2120804263a8949df661b0e3e99e0a8952f5,SHA-256,-,-,Orange Cyber Defense,https://github.com/Orange-Cyberdefense/russia-ukraine_IOCs/blob/main/OCD-Datalake-russia-ukraine_IOCs-ALL.csv
61e67302a85ff98eabc589572dbf3bf6e1012207d399b9f2b6b38527833e9198,SHA-256,-,-,Orange Cyber Defense,https://github.com/Orange-Cyberdefense/russia-ukraine_IOCs/blob/main/OCD-Datalake-russia-ukraine_IOCs-ALL.csv
62ecf284fd96e9307f7b6bfac3108a3b93cbe76cb15bd325c5b072ff05e9fcf7,SHA-256,-,-,Orange Cyber Defense,https://github.com/Orange-Cyberdefense/russia-ukraine_IOCs/blob/main/OCD-Datalake-russia-ukraine_IOCs-ALL.csv
63f3112aca7c36772cafac6482e4faece639035818be8f236e5f3f7b84ac420c,SHA-256,-,-,Orange Cyber Defense,https://github.com/Orange-Cyberdefense/russia-ukraine_IOCs/blob/main/OCD-Datalake-russia-ukraine_IOCs-ALL.csv
646f6d84d81d833e1162e56c81c3659f724e7b0801c04abe35492b5e50165663,SHA-256,-,-,Orange Cyber Defense,https://github.com/Orange-Cyberdefense/russia-ukraine_IOCs/blob/main/OCD-Datalake-russia-ukraine_IOCs-ALL.csv
652d9bc90cc1833f667508c7f794237a0945c875c61370e54c73073ba27e7c85,SHA-256,-,-,Orange Cyber Defense,https://github.com/Orange-Cyberdefense/russia-ukraine_IOCs/blob/main/OCD-Datalake-russia-ukraine_IOCs-ALL.csv
65365420a3bb5d943ecd6668dd5dbfef,MD5,-,-,Orange Cyber Defense,https://github.com/Orange-Cyberdefense/russia-ukraine_IOCs/blob/main/OCD-Datalake-russia-ukraine_IOCs-ALL.csv
6593ff4fe7cea48b838d7cad59a6c65bb1554957fda3d218ff6c073cc80ce9a4,SHA-256,-,-,Orange Cyber Defense,https://github.com/Orange-Cyberdefense/russia-ukraine_IOCs/blob/main/OCD-Datalake-russia-ukraine_IOCs-ALL.csv
65b9958a72670e8fb8e3edb6d937b020db7e88b02b574704ec9ceae68c4a4e98,SHA-256,-,-,Orange Cyber Defense,https://github.com/Orange-Cyberdefense/russia-ukraine_IOCs/blob/main/OCD-Datalake-russia-ukraine_IOCs-ALL.csv
6705f4b9ffabbf9f4a9b112286f194a05fe593e6076c5fcf9296624042823265,SHA-256,-,-,Orange Cyber Defense,https://github.com/Orange-Cyberdefense/russia-ukraine_IOCs/blob/main/OCD-Datalake-russia-ukraine_IOCs-ALL.csv
676dd5c0f2cf64b726c69d448fd585e72ac747b808fdfb0dd6a3a32d93607ab5,SHA-256,-,-,Orange Cyber Defense,https://github.com/Orange-Cyberdefense/russia-ukraine_IOCs/blob/main/OCD-Datalake-russia-ukraine_IOCs-ALL.csv
695fabf0d0f0750b3d53de361383038030752d07b5fc8d1ba6eb8b3e1e7964fa,SHA-256,-,-,Orange Cyber Defense,https://github.com/Orange-Cyberdefense/russia-ukraine_IOCs/blob/main/OCD-Datalake-russia-ukraine_IOCs-ALL.csv
6a64a8e2202db7f3a77d32b4852b71acf620f96580ca015e8bff8f5a09622032,SHA-256,-,-,Orange Cyber Defense,https://github.com/Orange-Cyberdefense/russia-ukraine_IOCs/blob/main/OCD-Datalake-russia-ukraine_IOCs-ALL.csv
6a9fc79e1b1afb091acf3c6c7797061e64f9ee3d5c3bae8c369f77b5f1caa38d,SHA-256,-,-,Orange Cyber Defense,https://github.com/Orange-Cyberdefense/russia-ukraine_IOCs/blob/main/OCD-Datalake-russia-ukraine_IOCs-ALL.csv
6aaec1520d036cb403592f937d1ce1f57b09baca440def7cbe9740a874252030,SHA-256,-,-,Orange Cyber Defense,https://github.com/Orange-Cyberdefense/russia-ukraine_IOCs/blob/main/OCD-Datalake-russia-ukraine_IOCs-ALL.csv
6cd7b58ae6036ccbb8a3f9d28239b26da30d60bbcd710c9ffbec4c88a6b602d4,SHA-256,-,-,Orange Cyber Defense,https://github.com/Orange-Cyberdefense/russia-ukraine_IOCs/blob/main/OCD-Datalake-russia-ukraine_IOCs-ALL.csv
6d4b97e74abf499fa983b73a1e6957eadb2ec6a83e206fff1ab863448e4262c6,SHA-256,-,-,Orange Cyber Defense,https://github.com/Orange-Cyberdefense/russia-ukraine_IOCs/blob/main/OCD-Datalake-russia-ukraine_IOCs-ALL.csv
6dfa54c8c70ce8bf468aca77967f8c20,MD5,-,-,Orange Cyber Defense,https://github.com/Orange-Cyberdefense/russia-ukraine_IOCs/blob/main/OCD-Datalake-russia-ukraine_IOCs-ALL.csv
6e96621992288bf003be750b29f48bfdea324d9dfdb4951f0fa0de5070d301df,SHA-256,-,-,Orange Cyber Defense,https://github.com/Orange-Cyberdefense/russia-ukraine_IOCs/blob/main/OCD-Datalake-russia-ukraine_IOCs-ALL.csv
6ebe07be97ebfb3ff1646bb9f76f7837b81b47b3e5e0707e86b48be5a12fee33,SHA-256,-,-,Orange Cyber Defense,https://github.com/Orange-Cyberdefense/russia-ukraine_IOCs/blob/main/OCD-Datalake-russia-ukraine_IOCs-ALL.csv
6f4367872de08e9d087f6e8ab874db053eee0cc3aefc80d08f6cf98de7cefd2c,SHA-256,-,-,Orange Cyber Defense,https://github.com/Orange-Cyberdefense/russia-ukraine_IOCs/blob/main/OCD-Datalake-russia-ukraine_IOCs-ALL.csv
715973fe6c2bdb98d9c01546345bb66d7dbb83606b66bded271302aac00eeb6e,SHA-256,-,-,Orange Cyber Defense,https://github.com/Orange-Cyberdefense/russia-ukraine_IOCs/blob/main/OCD-Datalake-russia-ukraine_IOCs-ALL.csv
7188b9e542ab521e23dae4fb4dca88f3f1eb642d20c853f822861e0d19af326b,SHA-256,-,-,Orange Cyber Defense,https://github.com/Orange-Cyberdefense/russia-ukraine_IOCs/blob/main/OCD-Datalake-russia-ukraine_IOCs-ALL.csv
72086e3e2992e60f2fdd35049653478db397cad5b81c59789ce0aae0590ce78b,SHA-256,-,-,Orange Cyber Defense,https://github.com/Orange-Cyberdefense/russia-ukraine_IOCs/blob/main/OCD-Datalake-russia-ukraine_IOCs-ALL.csv
72b7609e0871eb7418d64e38cb40d74dda17356c96572fcd524f8bd22274af4a,SHA-256,-,-,Orange Cyber Defense,https://github.com/Orange-Cyberdefense/russia-ukraine_IOCs/blob/main/OCD-Datalake-russia-ukraine_IOCs-ALL.csv
734949521e503e6d5d8409f084dd4a26103693a221f2a0e6e643a45f509f07c5,SHA-256,-,-,Orange Cyber Defense,https://github.com/Orange-Cyberdefense/russia-ukraine_IOCs/blob/main/OCD-Datalake-russia-ukraine_IOCs-ALL.csv
73d5bb5d4dfbdfe0fe845c9bfea06739cc767021b50327ddb4ef040940fed22f,SHA-256,-,-,Orange Cyber Defense,https://github.com/Orange-Cyberdefense/russia-ukraine_IOCs/blob/main/OCD-Datalake-russia-ukraine_IOCs-ALL.csv
741232f1e25b0a0e4f3ebe0b8c22d1b4,MD5,-,-,Orange Cyber Defense,https://github.com/Orange-Cyberdefense/russia-ukraine_IOCs/blob/main/OCD-Datalake-russia-ukraine_IOCs-ALL.csv
74cb6c1c644972298471bff286c310e48f6b35c88b5908dbddfa163c85debdee,SHA-256,-,-,Orange Cyber Defense,https://github.com/Orange-Cyberdefense/russia-ukraine_IOCs/blob/main/OCD-Datalake-russia-ukraine_IOCs-ALL.csv
782a8cc34746ca1ffc7cd83a9cc4cd64c60de2e69622a06d2a01792df2e2573c,SHA-256,-,-,Orange Cyber Defense,https://github.com/Orange-Cyberdefense/russia-ukraine_IOCs/blob/main/OCD-Datalake-russia-ukraine_IOCs-ALL.csv
78c4fcbd6d12c72fcf132b280c0641ea15566d07b779d37cf2c770c8eae941a2,SHA-256,-,-,Orange Cyber Defense,https://github.com/Orange-Cyberdefense/russia-ukraine_IOCs/blob/main/OCD-Datalake-russia-ukraine_IOCs-ALL.csv
798cd714cf9e352c1e9de3d48971a366b09eeffb3513950fd64737d882c25a38,SHA-256,-,-,Orange Cyber Defense,https://github.com/Orange-Cyberdefense/russia-ukraine_IOCs/blob/main/OCD-Datalake-russia-ukraine_IOCs-ALL.csv
7be21cd8a700a40c00abe025bb605cc7fbfe799a7465aad755370ba2b808e806,SHA-256,-,-,Orange Cyber Defense,https://github.com/Orange-Cyberdefense/russia-ukraine_IOCs/blob/main/OCD-Datalake-russia-ukraine_IOCs-ALL.csv
7bf33b494c70bd0a0a865b5fbcee0c58fa9274b8741b03695b45998bcd459328,SHA-256,-,-,Orange Cyber Defense,https://github.com/Orange-Cyberdefense/russia-ukraine_IOCs/blob/main/OCD-Datalake-russia-ukraine_IOCs-ALL.csv
7c2c376300c1fc562521196458c2594edac152f1ad944c517927b5a12193980c,SHA-256,-,-,Orange Cyber Defense,https://github.com/Orange-Cyberdefense/russia-ukraine_IOCs/blob/main/OCD-Datalake-russia-ukraine_IOCs-ALL.csv
7c3564cd166822be4932986cb8158409,MD5,-,-,Orange Cyber Defense,https://github.com/Orange-Cyberdefense/russia-ukraine_IOCs/blob/main/OCD-Datalake-russia-ukraine_IOCs-ALL.csv
7c5909f6ae4e30ed1bd8625571790d7dc8d721da1bc1f9aaaf7fa464a4541ea4,SHA-256,-,-,Orange Cyber Defense,https://github.com/Orange-Cyberdefense/russia-ukraine_IOCs/blob/main/OCD-Datalake-russia-ukraine_IOCs-ALL.csv
7c7c8548b7657c34e2b654919edbe848d460ab93630021e8e9743f8204cb0c76,SHA-256,-,-,Orange Cyber Defense,https://github.com/Orange-Cyberdefense/russia-ukraine_IOCs/blob/main/OCD-Datalake-russia-ukraine_IOCs-ALL.csv
7cefcf45949e651e583eadacd0c0ae29d23e5440d30eb9f44e2302894c58e713,SHA-256,-,-,Orange Cyber Defense,https://github.com/Orange-Cyberdefense/russia-ukraine_IOCs/blob/main/OCD-Datalake-russia-ukraine_IOCs-ALL.csv
7e703586f6ae3b8c4c0086f5a00254c00debf0273525e4cea216497fe7fcf144,SHA-256,-,-,Orange Cyber Defense,https://github.com/Orange-Cyberdefense/russia-ukraine_IOCs/blob/main/OCD-Datalake-russia-ukraine_IOCs-ALL.csv
7e8cd3cc9010e8d55943a491ad3e915f32c6f623fa7a62b247a5d545dfff6fd8,SHA-256,-,-,Orange Cyber Defense,https://github.com/Orange-Cyberdefense/russia-ukraine_IOCs/blob/main/OCD-Datalake-russia-ukraine_IOCs-ALL.csv
7f68c1f2e3583f0007659a7f70e3291d0f490eb7eea79955214b224649a1cd37,SHA-256,-,-,Orange Cyber Defense,https://github.com/Orange-Cyberdefense/russia-ukraine_IOCs/blob/main/OCD-Datalake-russia-ukraine_IOCs-ALL.csv
7f7a7a3fce9c07b82c55f19119c5d9d9a7da70a24d2a6f73d3727fcfdda502e6,SHA-256,-,-,Orange Cyber Defense,https://github.com/Orange-Cyberdefense/russia-ukraine_IOCs/blob/main/OCD-Datalake-russia-ukraine_IOCs-ALL.csv
7f97d312d6d7515ecfe7b787a0211c9e8702687e3611e38095d4f16212d75f42,SHA-256,-,-,Orange Cyber Defense,https://github.com/Orange-Cyberdefense/russia-ukraine_IOCs/blob/main/OCD-Datalake-russia-ukraine_IOCs-ALL.csv
7fefce7f2e4088ce396fd146a7951871,MD5,-,-,Orange Cyber Defense,https://github.com/Orange-Cyberdefense/russia-ukraine_IOCs/blob/main/OCD-Datalake-russia-ukraine_IOCs-ALL.csv
80fc39eb164eccd7dc23e5f5deeb9eba,MD5,-,-,Orange Cyber Defense,https://github.com/Orange-Cyberdefense/russia-ukraine_IOCs/blob/main/OCD-Datalake-russia-ukraine_IOCs-ALL.csv
817901df616c77dd1e5694e3d75aebb3a52464c23a06820517108c74edd07fbc,SHA-256,-,-,Orange Cyber Defense,https://github.com/Orange-Cyberdefense/russia-ukraine_IOCs/blob/main/OCD-Datalake-russia-ukraine_IOCs-ALL.csv
81b18e8af6b429a692cc672338fc50a9,MD5,-,-,Orange Cyber Defense,https://github.com/Orange-Cyberdefense/russia-ukraine_IOCs/blob/main/OCD-Datalake-russia-ukraine_IOCs-ALL.csv
81f28082110684818ba63f86522af13a,MD5,-,-,Orange Cyber Defense,https://github.com/Orange-Cyberdefense/russia-ukraine_IOCs/blob/main/OCD-Datalake-russia-ukraine_IOCs-ALL.csv
82d04cdef87ace65ccf20b3f2623b0115e3413334f681616c67b7f402fad66e0,SHA-256,-,-,Orange Cyber Defense,https://github.com/Orange-Cyberdefense/russia-ukraine_IOCs/blob/main/OCD-Datalake-russia-ukraine_IOCs-ALL.csv
83e631e396dc33b9b05d9d829ba19a20c4b821be35bf081494a79851f2e00dbe,SHA-256,-,-,Orange Cyber Defense,https://github.com/Orange-Cyberdefense/russia-ukraine_IOCs/blob/main/OCD-Datalake-russia-ukraine_IOCs-ALL.csv
849c372906c0f9815832e8178a829b5196150bc402a0aa081e5621f336508292,SHA-256,-,-,Orange Cyber Defense,https://github.com/Orange-Cyberdefense/russia-ukraine_IOCs/blob/main/OCD-Datalake-russia-ukraine_IOCs-ALL.csv
84ba0197920fd3e2b7dfa719fee09d2f,MD5,-,-,Orange Cyber Defense,https://github.com/Orange-Cyberdefense/russia-ukraine_IOCs/blob/main/OCD-Datalake-russia-ukraine_IOCs-ALL.csv
85c14f4a7580623f967b9e9f7120a14bd3291f2177298e6bcb32e234af9bb2a8,SHA-256,-,-,Orange Cyber Defense,https://github.com/Orange-Cyberdefense/russia-ukraine_IOCs/blob/main/OCD-Datalake-russia-ukraine_IOCs-ALL.csv
8662d61e6a53184e6b179c23784a01fd5766539e67d6d9150a60902f2939df4c,SHA-256,-,-,Orange Cyber Defense,https://github.com/Orange-Cyberdefense/russia-ukraine_IOCs/blob/main/OCD-Datalake-russia-ukraine_IOCs-ALL.csv
86f4ca8ea0fc981c804f1e87147aa2c55f73ddfbc2b0be602af240fad6b36b36,SHA-256,-,-,Orange Cyber Defense,https://github.com/Orange-Cyberdefense/russia-ukraine_IOCs/blob/main/OCD-Datalake-russia-ukraine_IOCs-ALL.csv
8762522851f33de2707725cd7a89879c0b0afbd32bd34e2ac4443e4cbf285640,SHA-256,-,-,Orange Cyber Defense,https://github.com/Orange-Cyberdefense/russia-ukraine_IOCs/blob/main/OCD-Datalake-russia-ukraine_IOCs-ALL.csv
8842acb150e1625ff20a84190073ece6,MD5,-,-,Orange Cyber Defense,https://github.com/Orange-Cyberdefense/russia-ukraine_IOCs/blob/main/OCD-Datalake-russia-ukraine_IOCs-ALL.csv
884c15502dbd6fe6dd4fca322904a38bce117ab6ed102ab2da84dfb4064c3e44,SHA-256,-,-,Orange Cyber Defense,https://github.com/Orange-Cyberdefense/russia-ukraine_IOCs/blob/main/OCD-Datalake-russia-ukraine_IOCs-ALL.csv
89f7d574e51a5ab58296c854ab1889fc6dc2556e8d204ce4b338775b934ad9a8,SHA-256,-,-,Orange Cyber Defense,https://github.com/Orange-Cyberdefense/russia-ukraine_IOCs/blob/main/OCD-Datalake-russia-ukraine_IOCs-ALL.csv
8a2dfe7f8dcc65b1fcfc0e22d21a6846f682c948da4e887a844d54745d85d316,SHA-256,-,-,Orange Cyber Defense,https://github.com/Orange-Cyberdefense/russia-ukraine_IOCs/blob/main/OCD-Datalake-russia-ukraine_IOCs-ALL.csv
8a4613a05c7dc8c47e8af2fa8244d0f944e8a9230c56c4979e39112a945c415e,SHA-256,-,-,Orange Cyber Defense,https://github.com/Orange-Cyberdefense/russia-ukraine_IOCs/blob/main/OCD-Datalake-russia-ukraine_IOCs-ALL.csv
8a8c1a292eeb404407a9fe90430663a6d17767e49d52107b60bc229c090a0ae9,SHA-256,-,-,Orange Cyber Defense,https://github.com/Orange-Cyberdefense/russia-ukraine_IOCs/blob/main/OCD-Datalake-russia-ukraine_IOCs-ALL.csv
8a9f45e819513fd02aa0521aea3a0d85490c91523227b130d7ff08d12b8820ae,SHA-256,-,-,Orange Cyber Defense,https://github.com/Orange-Cyberdefense/russia-ukraine_IOCs/blob/main/OCD-Datalake-russia-ukraine_IOCs-ALL.csv
8d1ce6280d2f66ff3e4fe1644bf24247,MD5,-,-,Orange Cyber Defense,https://github.com/Orange-Cyberdefense/russia-ukraine_IOCs/blob/main/OCD-Datalake-russia-ukraine_IOCs-ALL.csv
8d27a625c033baf16a0c8cc1b32e5ab3720525d87b1f63e328e32bf60b03740a,SHA-256,-,-,Orange Cyber Defense,https://github.com/Orange-Cyberdefense/russia-ukraine_IOCs/blob/main/OCD-Datalake-russia-ukraine_IOCs-ALL.csv
8d501ff6fd5559c6a842bd559cd3a3a96a24846c1bc28137b6625f8d65e8e007,SHA-256,-,-,Orange Cyber Defense,https://github.com/Orange-Cyberdefense/russia-ukraine_IOCs/blob/main/OCD-Datalake-russia-ukraine_IOCs-ALL.csv
8ed03b1d544444b42385e79cd17c796fefae71d140b146d0757a3960d8ba3cba,SHA-256,-,-,Orange Cyber Defense,https://github.com/Orange-Cyberdefense/russia-ukraine_IOCs/blob/main/OCD-Datalake-russia-ukraine_IOCs-ALL.csv
91411cb1aaf5d5cac6a11278b6235882d27b74bfaed681b278460113ba8f2b89,SHA-256,-,-,Orange Cyber Defense,https://github.com/Orange-Cyberdefense/russia-ukraine_IOCs/blob/main/OCD-Datalake-russia-ukraine_IOCs-ALL.csv
91c27abec8fda1410e2fae396f592e93,MD5,-,-,Orange Cyber Defense,https://github.com/Orange-Cyberdefense/russia-ukraine_IOCs/blob/main/OCD-Datalake-russia-ukraine_IOCs-ALL.csv
93d8940cde9e12c2a6ab7a13d5ff0973b907ebecf524b18742746a17209c8e3e,SHA-256,-,-,Orange Cyber Defense,https://github.com/Orange-Cyberdefense/russia-ukraine_IOCs/blob/main/OCD-Datalake-russia-ukraine_IOCs-ALL.csv
93f3ff62452444c6c93f708ec9c110cfb0c630f462ea63db9abbe96a6053acb1,SHA-256,-,-,Orange Cyber Defense,https://github.com/Orange-Cyberdefense/russia-ukraine_IOCs/blob/main/OCD-Datalake-russia-ukraine_IOCs-ALL.csv
94a78d5dce553832d61b59e0dda9ef2c33c10634ba4af3acb7fb7cf43be17a5b,SHA-256,-,-,Orange Cyber Defense,https://github.com/Orange-Cyberdefense/russia-ukraine_IOCs/blob/main/OCD-Datalake-russia-ukraine_IOCs-ALL.csv
94d273d8f09e20151e39616cafa4d366aa340165930c9d688f58eb408dd7ec1e,SHA-256,-,-,Orange Cyber Defense,https://github.com/Orange-Cyberdefense/russia-ukraine_IOCs/blob/main/OCD-Datalake-russia-ukraine_IOCs-ALL.csv
966474abe018536e7224466129b9351a4bd850270f66fbfa206c1279c4f2a04a,SHA-256,-,-,Orange Cyber Defense,https://github.com/Orange-Cyberdefense/russia-ukraine_IOCs/blob/main/OCD-Datalake-russia-ukraine_IOCs-ALL.csv
96b9a11f2b4f8051083643da6bdc9e3952a91ad3f882cde2e4a8910726ffc09c,SHA-256,-,-,Orange Cyber Defense,https://github.com/Orange-Cyberdefense/russia-ukraine_IOCs/blob/main/OCD-Datalake-russia-ukraine_IOCs-ALL.csv
96ce576f383584e0a62225a91bb50fc7fd8efa068443c4785373c86f51d2e3eb,SHA-256,-,-,Orange Cyber Defense,https://github.com/Orange-Cyberdefense/russia-ukraine_IOCs/blob/main/OCD-Datalake-russia-ukraine_IOCs-ALL.csv
986905caada61f2ea4aebd5664ed71cc9109a3886b998d91433216f30dc6b0e7,SHA-256,-,-,Orange Cyber Defense,https://github.com/Orange-Cyberdefense/russia-ukraine_IOCs/blob/main/OCD-Datalake-russia-ukraine_IOCs-ALL.csv
989362e61facd0a0d4d9edccb7e67e8fe23b639fb67a533f2518d799be150cbc,SHA-256,-,-,Orange Cyber Defense,https://github.com/Orange-Cyberdefense/russia-ukraine_IOCs/blob/main/OCD-Datalake-russia-ukraine_IOCs-ALL.csv
99c9440a84cdc428ce140de901452eb334faec49f1f6258acdde1ddcbb34376e,SHA-256,-,-,Orange Cyber Defense,https://github.com/Orange-Cyberdefense/russia-ukraine_IOCs/blob/main/OCD-Datalake-russia-ukraine_IOCs-ALL.csv
9a9d8cd54ee439d781ba9499ac1d4a878007c995f59f72ccaad4a7a6c3793938,SHA-256,-,-,Orange Cyber Defense,https://github.com/Orange-Cyberdefense/russia-ukraine_IOCs/blob/main/OCD-Datalake-russia-ukraine_IOCs-ALL.csv
9ac8ad208c37d0176d2b449cfa175e21881b2b37980a716ab6ba591921da8f6f,SHA-256,-,-,Orange Cyber Defense,https://github.com/Orange-Cyberdefense/russia-ukraine_IOCs/blob/main/OCD-Datalake-russia-ukraine_IOCs-ALL.csv
9b8d589cd1799935d8cd23852abdd8a055612538536f8b90221351f97d6802aa,SHA-256,-,-,Orange Cyber Defense,https://github.com/Orange-Cyberdefense/russia-ukraine_IOCs/blob/main/OCD-Datalake-russia-ukraine_IOCs-ALL.csv
9bdb4c7a5072e64446a851829d1303e123d5d8300b99b5c1de382765e7b06eb3,SHA-256,-,-,Orange Cyber Defense,https://github.com/Orange-Cyberdefense/russia-ukraine_IOCs/blob/main/OCD-Datalake-russia-ukraine_IOCs-ALL.csv
9d085a26813cd1aa43e12d9b90aeb24df6269db92b965f61d93a8018d6b8a0cf,SHA-256,-,-,Orange Cyber Defense,https://github.com/Orange-Cyberdefense/russia-ukraine_IOCs/blob/main/OCD-Datalake-russia-ukraine_IOCs-ALL.csv
a01e12988448a5b26d1d1adecc2dda539b5842f6a7044f8803a52c8bb714cdb0,SHA-256,-,-,Orange Cyber Defense,https://github.com/Orange-Cyberdefense/russia-ukraine_IOCs/blob/main/OCD-Datalake-russia-ukraine_IOCs-ALL.csv
a078871d89d3f8d22ed77dc331000529a0598f27cf56c6eda32943a9ee8a952c,SHA-256,-,-,Orange Cyber Defense,https://github.com/Orange-Cyberdefense/russia-ukraine_IOCs/blob/main/OCD-Datalake-russia-ukraine_IOCs-ALL.csv
a123c8bc9bb6a7254764aa69928d2fec6784493eb5904683636b369507124710,SHA-256,-,-,Orange Cyber Defense,https://github.com/Orange-Cyberdefense/russia-ukraine_IOCs/blob/main/OCD-Datalake-russia-ukraine_IOCs-ALL.csv
a2075d2c8e274f0976e3541c80809dd602eb9fcc9159a86dca85fd411d79bc7c,SHA-256,-,-,Orange Cyber Defense,https://github.com/Orange-Cyberdefense/russia-ukraine_IOCs/blob/main/OCD-Datalake-russia-ukraine_IOCs-ALL.csv
a20e38bacc979a5aa18f1954df1a2c0558ba23cdc1503af0ad1021c330f1e455,SHA-256,-,-,Orange Cyber Defense,https://github.com/Orange-Cyberdefense/russia-ukraine_IOCs/blob/main/OCD-Datalake-russia-ukraine_IOCs-ALL.csv
a21ed6591dcd2a38d3e9f26b8cf36197704a5507da3dd14fee95fbf247bc9eba,SHA-256,-,-,Orange Cyber Defense,https://github.com/Orange-Cyberdefense/russia-ukraine_IOCs/blob/main/OCD-Datalake-russia-ukraine_IOCs-ALL.csv
a60df90504735f4e424ec0842e328181d7e93ac9ecd8193e892584871643bec7,SHA-256,-,-,Orange Cyber Defense,https://github.com/Orange-Cyberdefense/russia-ukraine_IOCs/blob/main/OCD-Datalake-russia-ukraine_IOCs-ALL.csv
a67e5d562e754426e061c74b04af19d8f59a9bfe5134d5bb6ed4d429d022840a,SHA-256,-,-,Orange Cyber Defense,https://github.com/Orange-Cyberdefense/russia-ukraine_IOCs/blob/main/OCD-Datalake-russia-ukraine_IOCs-ALL.csv
a6867e9086a8f713a962238204a3266185de2cc3c662fba8d79f0e9b22ce8dd6,SHA-256,-,-,Orange Cyber Defense,https://github.com/Orange-Cyberdefense/russia-ukraine_IOCs/blob/main/OCD-Datalake-russia-ukraine_IOCs-ALL.csv
a707e779e5b228f670ed09777ccacfb75af8a36c34323af7790290d70bca0083,SHA-256,-,-,Orange Cyber Defense,https://github.com/Orange-Cyberdefense/russia-ukraine_IOCs/blob/main/OCD-Datalake-russia-ukraine_IOCs-ALL.csv
a7955a8ed1a3c4634aed8a353038e5ac39412a88481f453c56c9b9cf7479c342,SHA-256,-,-,Orange Cyber Defense,https://github.com/Orange-Cyberdefense/russia-ukraine_IOCs/blob/main/OCD-Datalake-russia-ukraine_IOCs-ALL.csv
a9799ed289b967be92f920616015e58ae6e27defaa48f377d3cd701d0915fe53,SHA-256,-,-,Orange Cyber Defense,https://github.com/Orange-Cyberdefense/russia-ukraine_IOCs/blob/main/OCD-Datalake-russia-ukraine_IOCs-ALL.csv
a9bfa4dd1547341d4d2ba29bbec4603e1dda312d2ab56ee4bb313c75e50969dc,SHA-256,-,-,Orange Cyber Defense,https://github.com/Orange-Cyberdefense/russia-ukraine_IOCs/blob/main/OCD-Datalake-russia-ukraine_IOCs-ALL.csv
ab2547a7b8603c232b226c4c6c8a5696803997a275d46d4d668d35da695b45fc,SHA-256,-,-,Orange Cyber Defense,https://github.com/Orange-Cyberdefense/russia-ukraine_IOCs/blob/main/OCD-Datalake-russia-ukraine_IOCs-ALL.csv
ac4ea751ca1382550efb2d3f4df9242f4541836b0e82deb49847f763afdf20ca,SHA-256,-,-,Orange Cyber Defense,https://github.com/Orange-Cyberdefense/russia-ukraine_IOCs/blob/main/OCD-Datalake-russia-ukraine_IOCs-ALL.csv
ad1f796b3590fcee4aeecb321e45481cac5bc022500da2bdc79f768d08081a29,SHA-256,-,-,Orange Cyber Defense,https://github.com/Orange-Cyberdefense/russia-ukraine_IOCs/blob/main/OCD-Datalake-russia-ukraine_IOCs-ALL.csv
ad5759e59dde3338a7c352417331a2faf1465c20205aa865fd474060f7bac8c7,SHA-256,-,-,Orange Cyber Defense,https://github.com/Orange-Cyberdefense/russia-ukraine_IOCs/blob/main/OCD-Datalake-russia-ukraine_IOCs-ALL.csv
ae05bb40000bc961ce901c082c3c2adb8bd9d8c4cf3f1addc4e75db6c498479a,SHA-256,-,-,Orange Cyber Defense,https://github.com/Orange-Cyberdefense/russia-ukraine_IOCs/blob/main/OCD-Datalake-russia-ukraine_IOCs-ALL.csv
ae9e9634a1354f5ee89f838f4297f3d38378db17fac73bf2c59cbdd86ea7812c,SHA-256,-,-,Orange Cyber Defense,https://github.com/Orange-Cyberdefense/russia-ukraine_IOCs/blob/main/OCD-Datalake-russia-ukraine_IOCs-ALL.csv
af67c332c95d045f4847b06e70ed590d492ecf0e59da0244d117b02bb04cfc5a,SHA-256,-,-,Orange Cyber Defense,https://github.com/Orange-Cyberdefense/russia-ukraine_IOCs/blob/main/OCD-Datalake-russia-ukraine_IOCs-ALL.csv
afb0f54d41dd85157f32b36d0039bf788268847b8609771918c9e28c90184081,SHA-256,-,-,Orange Cyber Defense,https://github.com/Orange-Cyberdefense/russia-ukraine_IOCs/blob/main/OCD-Datalake-russia-ukraine_IOCs-ALL.csv
afcbaae700e1779d3e0abe52bf0f085945fc9b6935f7105706b1ab4a823f565f,SHA-256,-,-,Orange Cyber Defense,https://github.com/Orange-Cyberdefense/russia-ukraine_IOCs/blob/main/OCD-Datalake-russia-ukraine_IOCs-ALL.csv
b02a9f20395664f01fd75e7dc2b46a8ddda73221a9d796de5729953d3b3452ee,SHA-256,-,-,Orange Cyber Defense,https://github.com/Orange-Cyberdefense/russia-ukraine_IOCs/blob/main/OCD-Datalake-russia-ukraine_IOCs-ALL.csv
b1c5659bca42a57a8c9408153126eb60cd88168650d747885e3903e051cad023,SHA-256,-,-,Orange Cyber Defense,https://github.com/Orange-Cyberdefense/russia-ukraine_IOCs/blob/main/OCD-Datalake-russia-ukraine_IOCs-ALL.csv
b27372960d28d3f36c93988a0b6df9d3f8211b2a252cd375e179bb8a9b54559b,SHA-256,-,-,Orange Cyber Defense,https://github.com/Orange-Cyberdefense/russia-ukraine_IOCs/blob/main/OCD-Datalake-russia-ukraine_IOCs-ALL.csv
b2c4a9242b8dda270b7742b026812011b733fd7aff12d7f4a242678ee954ed8b,SHA-256,-,-,Orange Cyber Defense,https://github.com/Orange-Cyberdefense/russia-ukraine_IOCs/blob/main/OCD-Datalake-russia-ukraine_IOCs-ALL.csv
b3370eb3c5ef6c536195b3bea0120929,MD5,-,-,Orange Cyber Defense,https://github.com/Orange-Cyberdefense/russia-ukraine_IOCs/blob/main/OCD-Datalake-russia-ukraine_IOCs-ALL.csv
b3d68268bd4bb14b6d412cef2b12ae4f2a385c36600676c1a9988cf1e9256877,SHA-256,-,-,Orange Cyber Defense,https://github.com/Orange-Cyberdefense/russia-ukraine_IOCs/blob/main/OCD-Datalake-russia-ukraine_IOCs-ALL.csv
b4091a2850264f85990ee99d027dafde,MD5,-,-,Orange Cyber Defense,https://github.com/Orange-Cyberdefense/russia-ukraine_IOCs/blob/main/OCD-Datalake-russia-ukraine_IOCs-ALL.csv
b449513b9eeaace805518125def9edf11b63567701a9275b6dd1bddf831f035f,SHA-256,-,-,Orange Cyber Defense,https://github.com/Orange-Cyberdefense/russia-ukraine_IOCs/blob/main/OCD-Datalake-russia-ukraine_IOCs-ALL.csv
b46e872375b3c910fb589ab75bf130f7e276c4bcd913705a140ac76d9d373c9e,SHA-256,-,-,Orange Cyber Defense,https://github.com/Orange-Cyberdefense/russia-ukraine_IOCs/blob/main/OCD-Datalake-russia-ukraine_IOCs-ALL.csv
b5066b868c7ddbe0d41ee1526d76914f732ed7ce75ccf69caaefe0fed1c9182c,SHA-256,-,-,Orange Cyber Defense,https://github.com/Orange-Cyberdefense/russia-ukraine_IOCs/blob/main/OCD-Datalake-russia-ukraine_IOCs-ALL.csv
b55e0dd02e6131465ac31bfb24aa82a72e183b3b6750d0b891a14a193965c918,SHA-256,-,-,Orange Cyber Defense,https://github.com/Orange-Cyberdefense/russia-ukraine_IOCs/blob/main/OCD-Datalake-russia-ukraine_IOCs-ALL.csv
b56531e7fbb4477743f31eda6abef8699f505350b958ba936b9ed94d48a4fa6b,SHA-256,-,-,Orange Cyber Defense,https://github.com/Orange-Cyberdefense/russia-ukraine_IOCs/blob/main/OCD-Datalake-russia-ukraine_IOCs-ALL.csv
b63c8fcebf1a419c560b84c5e652fe7235c60473a8a1750d2f1307c05e7a6669,SHA-256,-,-,Orange Cyber Defense,https://github.com/Orange-Cyberdefense/russia-ukraine_IOCs/blob/main/OCD-Datalake-russia-ukraine_IOCs-ALL.csv
b6874d2b8ff8c925960ee7e686aecca6a9fc8ab92e5db66fa110da0430ee0edc,SHA-256,-,-,Orange Cyber Defense,https://github.com/Orange-Cyberdefense/russia-ukraine_IOCs/blob/main/OCD-Datalake-russia-ukraine_IOCs-ALL.csv
b6ff96193514aa11b6fc0e5d58e7dcdccedfa373ee4858a2da582e4eceae86c5,SHA-256,-,-,Orange Cyber Defense,https://github.com/Orange-Cyberdefense/russia-ukraine_IOCs/blob/main/OCD-Datalake-russia-ukraine_IOCs-ALL.csv
b7a814deba56c6905c72d744d02398d46b34e9d1d7d02b5a501b1bddaf566407,SHA-256,-,-,Orange Cyber Defense,https://github.com/Orange-Cyberdefense/russia-ukraine_IOCs/blob/main/OCD-Datalake-russia-ukraine_IOCs-ALL.csv
b7bd622b279d3d3927daa64c7c9bc97887d85fccf360d46158e1c01c96bb6cb5,SHA-256,-,-,Orange Cyber Defense,https://github.com/Orange-Cyberdefense/russia-ukraine_IOCs/blob/main/OCD-Datalake-russia-ukraine_IOCs-ALL.csv
b8960abbdd1526fcaf23beaf30483fc43bf3686fba7edc2a9e833b3c8517f5b0,SHA-256,-,-,Orange Cyber Defense,https://github.com/Orange-Cyberdefense/russia-ukraine_IOCs/blob/main/OCD-Datalake-russia-ukraine_IOCs-ALL.csv
b92dcbacbaaf0a05c805d31762cd4e45c912ba940c57b982939d79731cf97217,SHA-256,-,-,Orange Cyber Defense,https://github.com/Orange-Cyberdefense/russia-ukraine_IOCs/blob/main/OCD-Datalake-russia-ukraine_IOCs-ALL.csv
b9dd1e5ec018090b404dd7550d4423ff38ee1f016a5ab214f128544f5b399759,SHA-256,-,-,Orange Cyber Defense,https://github.com/Orange-Cyberdefense/russia-ukraine_IOCs/blob/main/OCD-Datalake-russia-ukraine_IOCs-ALL.csv
ba96cfe58a5c8f4636b0a0668a9d9127eee3ed80c96db48d3a63ae9c6ce97b2d,SHA-256,-,-,Orange Cyber Defense,https://github.com/Orange-Cyberdefense/russia-ukraine_IOCs/blob/main/OCD-Datalake-russia-ukraine_IOCs-ALL.csv
bae9895ad4e392990a09b1b8a01e424a7ad3769e538ac693919d1b99989f0cb3,SHA-256,-,-,Orange Cyber Defense,https://github.com/Orange-Cyberdefense/russia-ukraine_IOCs/blob/main/OCD-Datalake-russia-ukraine_IOCs-ALL.csv
bb1c8ad9f422a39ce6329e93dc060438,MD5,-,-,Orange Cyber Defense,https://github.com/Orange-Cyberdefense/russia-ukraine_IOCs/blob/main/OCD-Datalake-russia-ukraine_IOCs-ALL.csv
bbf7220635908afede0eebc7e83ba2eb836526490d16b15305cacb96f65d6e6d,SHA-256,-,-,Orange Cyber Defense,https://github.com/Orange-Cyberdefense/russia-ukraine_IOCs/blob/main/OCD-Datalake-russia-ukraine_IOCs-ALL.csv
bc469ecc8ed888e3965377d5eb133c97faacabd1fe0ff49ab8d777ba57c16fd3,SHA-256,-,-,Orange Cyber Defense,https://github.com/Orange-Cyberdefense/russia-ukraine_IOCs/blob/main/OCD-Datalake-russia-ukraine_IOCs-ALL.csv
be7d70fb705c74f2de86db2b34f3e7587e5b3ded2d02eaad48fcfee426379372,SHA-256,-,-,Orange Cyber Defense,https://github.com/Orange-Cyberdefense/russia-ukraine_IOCs/blob/main/OCD-Datalake-russia-ukraine_IOCs-ALL.csv
bf49e3c80274d3cbda9ea2a60df93c6d38b44ee5cbaa268d9999cb02406f5226,SHA-256,-,-,Orange Cyber Defense,https://github.com/Orange-Cyberdefense/russia-ukraine_IOCs/blob/main/OCD-Datalake-russia-ukraine_IOCs-ALL.csv
c05f4c5a6bb940e94782e07cf276fc103a6acca365ba28e7b4db09b5bbc01e58,SHA-256,-,-,Orange Cyber Defense,https://github.com/Orange-Cyberdefense/russia-ukraine_IOCs/blob/main/OCD-Datalake-russia-ukraine_IOCs-ALL.csv
c5248a00ccee03a159fff2e30709c3b23fb47faa811959d3249bc347f7e34a80,SHA-256,-,-,Orange Cyber Defense,https://github.com/Orange-Cyberdefense/russia-ukraine_IOCs/blob/main/OCD-Datalake-russia-ukraine_IOCs-ALL.csv
c561b862934f329f2f524bb019b24f8bd729c00cf8bea5135a6e51148d5d9208,SHA-256,-,-,Orange Cyber Defense,https://github.com/Orange-Cyberdefense/russia-ukraine_IOCs/blob/main/OCD-Datalake-russia-ukraine_IOCs-ALL.csv
c590724cd5e5813cb43f85a1c89fdc128241398cd677974202524f969813071c,SHA-256,-,-,Orange Cyber Defense,https://github.com/Orange-Cyberdefense/russia-ukraine_IOCs/blob/main/OCD-Datalake-russia-ukraine_IOCs-ALL.csv
c5a955b3e71defd69804e101709fdf2b62443ebf944ac00933e77bf43dc44327,SHA-256,-,-,Orange Cyber Defense,https://github.com/Orange-Cyberdefense/russia-ukraine_IOCs/blob/main/OCD-Datalake-russia-ukraine_IOCs-ALL.csv
c6236e293e6dc2ec419d24e81d810dc16a7dc162d8e5fc19e5c44b44f4819a18,SHA-256,-,-,Orange Cyber Defense,https://github.com/Orange-Cyberdefense/russia-ukraine_IOCs/blob/main/OCD-Datalake-russia-ukraine_IOCs-ALL.csv
c65c23de51fbd99621f8473c632e4637994deeae73f599296efb8c7b7d00bae7,SHA-256,-,-,Orange Cyber Defense,https://github.com/Orange-Cyberdefense/russia-ukraine_IOCs/blob/main/OCD-Datalake-russia-ukraine_IOCs-ALL.csv
c66ce9f228c9065a90b22bd71363a81d1a8f1d26eb5fe3815046eb42b72c0d5f,SHA-256,-,-,Orange Cyber Defense,https://github.com/Orange-Cyberdefense/russia-ukraine_IOCs/blob/main/OCD-Datalake-russia-ukraine_IOCs-ALL.csv
c6e092316f61d2fc9c84299dd224a6e419e74c98c51a44023f8f72530ac28fdc,SHA-256,-,-,Orange Cyber Defense,https://github.com/Orange-Cyberdefense/russia-ukraine_IOCs/blob/main/OCD-Datalake-russia-ukraine_IOCs-ALL.csv
c77fb3d3053958ea3aa4419e2bf4d0caf14f6c74047216e789628d095cc9e733,SHA-256,-,-,Orange Cyber Defense,https://github.com/Orange-Cyberdefense/russia-ukraine_IOCs/blob/main/OCD-Datalake-russia-ukraine_IOCs-ALL.csv
c7810b25c8edd6269c92af482560e600,MD5,-,-,Orange Cyber Defense,https://github.com/Orange-Cyberdefense/russia-ukraine_IOCs/blob/main/OCD-Datalake-russia-ukraine_IOCs-ALL.csv
c8110e4ecc260eef020253f0f572a2de038fabf6ba48754cbc67bdd7043f938d,SHA-256,-,-,Orange Cyber Defense,https://github.com/Orange-Cyberdefense/russia-ukraine_IOCs/blob/main/OCD-Datalake-russia-ukraine_IOCs-ALL.csv
c8ff058db87f443c0b85a286a5d4029e,MD5,-,-,Orange Cyber Defense,https://github.com/Orange-Cyberdefense/russia-ukraine_IOCs/blob/main/OCD-Datalake-russia-ukraine_IOCs-ALL.csv
c9ffc90487ddcb4bb0540ea4e2a1ce040740371bb0f3ad70e36824d486058349,SHA-256,-,-,Orange Cyber Defense,https://github.com/Orange-Cyberdefense/russia-ukraine_IOCs/blob/main/OCD-Datalake-russia-ukraine_IOCs-ALL.csv
cadc319a0b08c0403de65f2464789ce027bc5b3ec7e515389047e5b2c447b375,SHA-256,-,-,Orange Cyber Defense,https://github.com/Orange-Cyberdefense/russia-ukraine_IOCs/blob/main/OCD-Datalake-russia-ukraine_IOCs-ALL.csv
cb0d151d930b17f6376c18aa15fd976eac53d6f07d065fc27c40b466e3bc49aa,SHA-256,-,-,Orange Cyber Defense,https://github.com/Orange-Cyberdefense/russia-ukraine_IOCs/blob/main/OCD-Datalake-russia-ukraine_IOCs-ALL.csv
cb4963fb3a85766278426ebf4a00ae5c5d7576f21b35cfa0df1f9529073015a9,SHA-256,-,-,Orange Cyber Defense,https://github.com/Orange-Cyberdefense/russia-ukraine_IOCs/blob/main/OCD-Datalake-russia-ukraine_IOCs-ALL.csv
cb84c6b5816504c993c33360aeec4705,MD5,-,-,Orange Cyber Defense,https://github.com/Orange-Cyberdefense/russia-ukraine_IOCs/blob/main/OCD-Datalake-russia-ukraine_IOCs-ALL.csv
cb98673e0253dbb8d8f66a982599a02d2539a28d2bfd62e34ffd32df61c34277,SHA-256,-,-,Orange Cyber Defense,https://github.com/Orange-Cyberdefense/russia-ukraine_IOCs/blob/main/OCD-Datalake-russia-ukraine_IOCs-ALL.csv
cbe1dbd167bccbf61ee8608092a767ce3fbfb5fe5f6e959848d9a8d9091402fb,SHA-256,-,-,Orange Cyber Defense,https://github.com/Orange-Cyberdefense/russia-ukraine_IOCs/blob/main/OCD-Datalake-russia-ukraine_IOCs-ALL.csv
ccd5f196de54ac8ba5d5c3612f8807091f6c23dd501fa64161a161849f65f2a2,SHA-256,-,-,Orange Cyber Defense,https://github.com/Orange-Cyberdefense/russia-ukraine_IOCs/blob/main/OCD-Datalake-russia-ukraine_IOCs-ALL.csv
cd1812e376834efd129a8acc8d840eab498bc4f5955adbf2069620e3f084dce9,SHA-256,-,-,Orange Cyber Defense,https://github.com/Orange-Cyberdefense/russia-ukraine_IOCs/blob/main/OCD-Datalake-russia-ukraine_IOCs-ALL.csv
cdd8844fd9a2680066c4c8730e72a243c3526711664d63414f006a051cd8562a,SHA-256,-,-,Orange Cyber Defense,https://github.com/Orange-Cyberdefense/russia-ukraine_IOCs/blob/main/OCD-Datalake-russia-ukraine_IOCs-ALL.csv
ce02bba7857842bee8eb490ae2971926c9e0412dbd1efc5a2c173fc7f59bd1d2,SHA-256,-,-,Orange Cyber Defense,https://github.com/Orange-Cyberdefense/russia-ukraine_IOCs/blob/main/OCD-Datalake-russia-ukraine_IOCs-ALL.csv
cf2ef8f895721d0a2479199bd5ed106f5d504b7d42d7cff65e38b8118299ca48,SHA-256,-,-,Orange Cyber Defense,https://github.com/Orange-Cyberdefense/russia-ukraine_IOCs/blob/main/OCD-Datalake-russia-ukraine_IOCs-ALL.csv
cf7d5172dc578138725bcc50bf30a82ad09db0ee7d78c6301de10bdfe8108bc8,SHA-256,-,-,Orange Cyber Defense,https://github.com/Orange-Cyberdefense/russia-ukraine_IOCs/blob/main/OCD-Datalake-russia-ukraine_IOCs-ALL.csv
cfe679cb37b64f96cc5dcaaa660dccb6dd725989197c9de71c89ed541e6da1c8,SHA-256,-,-,Orange Cyber Defense,https://github.com/Orange-Cyberdefense/russia-ukraine_IOCs/blob/main/OCD-Datalake-russia-ukraine_IOCs-ALL.csv
d15a7e69769f4727f7b522995a17a0206ac9450cfb0dfe1fc98fd32272ee5ba7,SHA-256,-,-,Orange Cyber Defense,https://github.com/Orange-Cyberdefense/russia-ukraine_IOCs/blob/main/OCD-Datalake-russia-ukraine_IOCs-ALL.csv
d26b381e0eb69f5f96cc909103c30976aeba493c6b74e62454ce056c468d18b7,SHA-256,-,-,Orange Cyber Defense,https://github.com/Orange-Cyberdefense/russia-ukraine_IOCs/blob/main/OCD-Datalake-russia-ukraine_IOCs-ALL.csv
d28efce81bb2bd547354861566aea5f02e23e68fbcb4629b3a7ffb763f934256,SHA-256,-,-,Orange Cyber Defense,https://github.com/Orange-Cyberdefense/russia-ukraine_IOCs/blob/main/OCD-Datalake-russia-ukraine_IOCs-ALL.csv
d2d3a5b67e275e7805f3216cb8d59cb8cfbd39798115ca504c5ad865a4fe52fb,SHA-256,-,-,Orange Cyber Defense,https://github.com/Orange-Cyberdefense/russia-ukraine_IOCs/blob/main/OCD-Datalake-russia-ukraine_IOCs-ALL.csv
d38cc4879fe0bc66cb8e772b28fbfd15,MD5,-,-,Orange Cyber Defense,https://github.com/Orange-Cyberdefense/russia-ukraine_IOCs/blob/main/OCD-Datalake-russia-ukraine_IOCs-ALL.csv
d5d2c4ac6c724cd63b69ca054713e278,MD5,-,-,Orange Cyber Defense,https://github.com/Orange-Cyberdefense/russia-ukraine_IOCs/blob/main/OCD-Datalake-russia-ukraine_IOCs-ALL.csv
d60a4dfc2c48fd80957ee77ab0ec4221f67e3f92551c9c245292f56dbaf9912e,SHA-256,-,-,Orange Cyber Defense,https://github.com/Orange-Cyberdefense/russia-ukraine_IOCs/blob/main/OCD-Datalake-russia-ukraine_IOCs-ALL.csv
d68688e9316c2712a27bd4bbd5e3ed762fb39bd34f1811ce4c0f0ca0480effb5,SHA-256,-,-,Orange Cyber Defense,https://github.com/Orange-Cyberdefense/russia-ukraine_IOCs/blob/main/OCD-Datalake-russia-ukraine_IOCs-ALL.csv
d7eb0d9cb1709f8e32827bc8d7ba93aa8b6cf55ac43917caeb08b76ba3d7e3c1,SHA-256,-,-,Orange Cyber Defense,https://github.com/Orange-Cyberdefense/russia-ukraine_IOCs/blob/main/OCD-Datalake-russia-ukraine_IOCs-ALL.csv
d83d9fa9cb38abd66e13f4d3b3b6b647facd9ffe28d766685744c6a92e6409b1,SHA-256,-,-,Orange Cyber Defense,https://github.com/Orange-Cyberdefense/russia-ukraine_IOCs/blob/main/OCD-Datalake-russia-ukraine_IOCs-ALL.csv
d8a01f69840c07ace6ae33e2f76e832c22d4513c07e252b6730b6de51c2e4385,SHA-256,-,-,Orange Cyber Defense,https://github.com/Orange-Cyberdefense/russia-ukraine_IOCs/blob/main/OCD-Datalake-russia-ukraine_IOCs-ALL.csv
d93551a9fa3ad9bdbb0f10dd447046e03a29bbb36245ac4245b80d982a78a930,SHA-256,-,-,Orange Cyber Defense,https://github.com/Orange-Cyberdefense/russia-ukraine_IOCs/blob/main/OCD-Datalake-russia-ukraine_IOCs-ALL.csv
d93f7fb038abdb8481e6de0008eaf501508c33c7aca8f40fdd384a7b309b31df,SHA-256,-,-,Orange Cyber Defense,https://github.com/Orange-Cyberdefense/russia-ukraine_IOCs/blob/main/OCD-Datalake-russia-ukraine_IOCs-ALL.csv
d9b7644923d2250ba6ea374a05f1d7054cc5704a61f196420670412eb79d1d4e,SHA-256,-,-,Orange Cyber Defense,https://github.com/Orange-Cyberdefense/russia-ukraine_IOCs/blob/main/OCD-Datalake-russia-ukraine_IOCs-ALL.csv
d9ca10667cbffcbf1caa8b9020a93cfd,MD5,-,-,Orange Cyber Defense,https://github.com/Orange-Cyberdefense/russia-ukraine_IOCs/blob/main/OCD-Datalake-russia-ukraine_IOCs-ALL.csv
db3a6f57c76cbc0ca5bd8c1602ca99a311da76e816ad30a15eab22b65b3590bb,SHA-256,-,-,Orange Cyber Defense,https://github.com/Orange-Cyberdefense/russia-ukraine_IOCs/blob/main/OCD-Datalake-russia-ukraine_IOCs-ALL.csv
db49fe96714ebd9707e5cd31e7f366016e45926ff577cce9c34a73ee1b6efcf9,SHA-256,-,-,Orange Cyber Defense,https://github.com/Orange-Cyberdefense/russia-ukraine_IOCs/blob/main/OCD-Datalake-russia-ukraine_IOCs-ALL.csv
db8cc8adc726c3567b639c84ecf41aa5,MD5,-,-,Orange Cyber Defense,https://github.com/Orange-Cyberdefense/russia-ukraine_IOCs/blob/main/OCD-Datalake-russia-ukraine_IOCs-ALL.csv
dddd77f42bfb365f36762ad4db4a741e,MD5,-,-,Orange Cyber Defense,https://github.com/Orange-Cyberdefense/russia-ukraine_IOCs/blob/main/OCD-Datalake-russia-ukraine_IOCs-ALL.csv
de5a53a3b75e3e730755af09e3cacb7e6d171fc9b1853a7200e5dfb9044ab20a,SHA-256,-,-,Orange Cyber Defense,https://github.com/Orange-Cyberdefense/russia-ukraine_IOCs/blob/main/OCD-Datalake-russia-ukraine_IOCs-ALL.csv
de85c2b7f4b773721f7ce87480a7d6fc2ce11c3ba15b6c7adfc29ca84cf1425b,SHA-256,-,-,Orange Cyber Defense,https://github.com/Orange-Cyberdefense/russia-ukraine_IOCs/blob/main/OCD-Datalake-russia-ukraine_IOCs-ALL.csv
df70346afd410d3ba26eeeb0194fc7e6d427bfafef9a34b9efd49936ca9e273b,SHA-256,-,-,Orange Cyber Defense,https://github.com/Orange-Cyberdefense/russia-ukraine_IOCs/blob/main/OCD-Datalake-russia-ukraine_IOCs-ALL.csv
e1671159e4dd5f2095960a042a20e1c7e188697ef88856063f97dfc8cf8739da,SHA-256,-,-,Orange Cyber Defense,https://github.com/Orange-Cyberdefense/russia-ukraine_IOCs/blob/main/OCD-Datalake-russia-ukraine_IOCs-ALL.csv
e1fbce179add6e9dc9b58219e14d8bc64f2c8fc979a3c3be97ba14e7f9df2a75,SHA-256,-,-,Orange Cyber Defense,https://github.com/Orange-Cyberdefense/russia-ukraine_IOCs/blob/main/OCD-Datalake-russia-ukraine_IOCs-ALL.csv
e3e98ec10a1ae7ce3c37cd6d4e79d12d9bbde1ac382809d17917786253cd7265,SHA-256,-,-,Orange Cyber Defense,https://github.com/Orange-Cyberdefense/russia-ukraine_IOCs/blob/main/OCD-Datalake-russia-ukraine_IOCs-ALL.csv
e3eb6e9bc8321adb844e30606ed275a4,MD5,-,-,Orange Cyber Defense,https://github.com/Orange-Cyberdefense/russia-ukraine_IOCs/blob/main/OCD-Datalake-russia-ukraine_IOCs-ALL.csv
e427595a3dd2dc501adb4c083308e4900a13ca571e99117e7939964423ef744a,SHA-256,-,-,Orange Cyber Defense,https://github.com/Orange-Cyberdefense/russia-ukraine_IOCs/blob/main/OCD-Datalake-russia-ukraine_IOCs-ALL.csv
e42a68db9a99b11f97ea2f3ed890cb113b560acf268d1364166152416f61cc16,SHA-256,-,-,Orange Cyber Defense,https://github.com/Orange-Cyberdefense/russia-ukraine_IOCs/blob/main/OCD-Datalake-russia-ukraine_IOCs-ALL.csv
e4afb1d75061ec13d1988bc4990b352cf2a7d474133c3474fd0c3c2e0672fca0,SHA-256,-,-,Orange Cyber Defense,https://github.com/Orange-Cyberdefense/russia-ukraine_IOCs/blob/main/OCD-Datalake-russia-ukraine_IOCs-ALL.csv
e4d309735f5326a193844772fc65b186fd673436efab7c6fed9eb7e3d01b6f19,SHA-256,-,-,Orange Cyber Defense,https://github.com/Orange-Cyberdefense/russia-ukraine_IOCs/blob/main/OCD-Datalake-russia-ukraine_IOCs-ALL.csv
e56254b6b78f0bdc82cddff15c49f5b56ffef9aa105f1aae435504d1cdfe3310,SHA-256,-,-,Orange Cyber Defense,https://github.com/Orange-Cyberdefense/russia-ukraine_IOCs/blob/main/OCD-Datalake-russia-ukraine_IOCs-ALL.csv
e61518ae9454a563b8f842286bbdb87b,MD5,-,-,Orange Cyber Defense,https://github.com/Orange-Cyberdefense/russia-ukraine_IOCs/blob/main/OCD-Datalake-russia-ukraine_IOCs-ALL.csv
e78a4ac2af9e94e7ae2c8e8d7099c6449562dc78cd3ce325e7d70da58773740c,SHA-256,-,-,Orange Cyber Defense,https://github.com/Orange-Cyberdefense/russia-ukraine_IOCs/blob/main/OCD-Datalake-russia-ukraine_IOCs-ALL.csv
e7c2db5122a8ac7629c958d1f0d8a4df32c51e5da3be434ba0035c679aac7bce,SHA-256,-,-,Orange Cyber Defense,https://github.com/Orange-Cyberdefense/russia-ukraine_IOCs/blob/main/OCD-Datalake-russia-ukraine_IOCs-ALL.csv
e9b97d421e01a808bf62e8eb4534c1fc91c7158e1faac57dd7450f285a31041c,SHA-256,-,-,Orange Cyber Defense,https://github.com/Orange-Cyberdefense/russia-ukraine_IOCs/blob/main/OCD-Datalake-russia-ukraine_IOCs-ALL.csv
ea22414a4a9bed4bcaf8917a25ac853deb150feb693acc78b1ed8ae07cc2ac27,SHA-256,-,-,Orange Cyber Defense,https://github.com/Orange-Cyberdefense/russia-ukraine_IOCs/blob/main/OCD-Datalake-russia-ukraine_IOCs-ALL.csv
ead73958ddba93afc032bdf8ee997510548447a41f3a3dc5a8005a9cb11dced8,SHA-256,-,-,Orange Cyber Defense,https://github.com/Orange-Cyberdefense/russia-ukraine_IOCs/blob/main/OCD-Datalake-russia-ukraine_IOCs-ALL.csv
eb1724d14397de8f9dca4720dada0195ebb99d72427703cabcb47b174a3bfea2,SHA-256,-,-,Orange Cyber Defense,https://github.com/Orange-Cyberdefense/russia-ukraine_IOCs/blob/main/OCD-Datalake-russia-ukraine_IOCs-ALL.csv
eb5d54ac8a551f6d5c325cf8b0466834bfa0a68e897ed7282b49663058f53daa,SHA-256,-,-,Orange Cyber Defense,https://github.com/Orange-Cyberdefense/russia-ukraine_IOCs/blob/main/OCD-Datalake-russia-ukraine_IOCs-ALL.csv
ebe0d2bc31e6ab5a5be89bb08f902d3abfa73e4c05ccba7f3f527114f5b82003,SHA-256,-,-,Orange Cyber Defense,https://github.com/Orange-Cyberdefense/russia-ukraine_IOCs/blob/main/OCD-Datalake-russia-ukraine_IOCs-ALL.csv
ecadbc36c2ccab444df9b0ff59bcf5592e61d50b87c07fe1d82342058b6aa261,SHA-256,-,-,Orange Cyber Defense,https://github.com/Orange-Cyberdefense/russia-ukraine_IOCs/blob/main/OCD-Datalake-russia-ukraine_IOCs-ALL.csv
ecc9619c534fbaa2f6c630597a58d307badee1ea0a393c10c8c43aa11b65d01b,SHA-256,-,-,Orange Cyber Defense,https://github.com/Orange-Cyberdefense/russia-ukraine_IOCs/blob/main/OCD-Datalake-russia-ukraine_IOCs-ALL.csv
ecec9a36436d41a68a01b91066e5c4d4752fa0282a743628580d179d3bf2358d,SHA-256,-,-,Orange Cyber Defense,https://github.com/Orange-Cyberdefense/russia-ukraine_IOCs/blob/main/OCD-Datalake-russia-ukraine_IOCs-ALL.csv
ee818a51cc890bf80e81523a051c82293d6c57acf47f8ddccd667d12fc88cb45,SHA-256,-,-,Orange Cyber Defense,https://github.com/Orange-Cyberdefense/russia-ukraine_IOCs/blob/main/OCD-Datalake-russia-ukraine_IOCs-ALL.csv
eef073bf432192d1cc0abb5afac8027f8a954b1fa1e8ca0c0b6cbeb31de54d35,SHA-256,-,-,Orange Cyber Defense,https://github.com/Orange-Cyberdefense/russia-ukraine_IOCs/blob/main/OCD-Datalake-russia-ukraine_IOCs-ALL.csv
ef6073f7372b4774849db8c64a1b33bd473d3ba10ecadbf4f08575b1d8f06c30,SHA-256,-,-,Orange Cyber Defense,https://github.com/Orange-Cyberdefense/russia-ukraine_IOCs/blob/main/OCD-Datalake-russia-ukraine_IOCs-ALL.csv
f08c54c4d8a470f96a0acf6aefeb95c49a8704a473d6105a921a18917e1747fa,SHA-256,-,-,Orange Cyber Defense,https://github.com/Orange-Cyberdefense/russia-ukraine_IOCs/blob/main/OCD-Datalake-russia-ukraine_IOCs-ALL.csv
f10fea8314f0c904b00b2d10cee1d1320bab7afa36220fb9c9953e3382e62bc4,SHA-256,-,-,Orange Cyber Defense,https://github.com/Orange-Cyberdefense/russia-ukraine_IOCs/blob/main/OCD-Datalake-russia-ukraine_IOCs-ALL.csv
f14ce6142a54878e5dccbfda83b27bc861b57e1be61d5a669a2875a048516e73,SHA-256,-,-,Orange Cyber Defense,https://github.com/Orange-Cyberdefense/russia-ukraine_IOCs/blob/main/OCD-Datalake-russia-ukraine_IOCs-ALL.csv
f211e0eb49990edbb5de2bcf2f573ea6a0b6f3549e772fd16bf7cc214d924824,SHA-256,-,-,Orange Cyber Defense,https://github.com/Orange-Cyberdefense/russia-ukraine_IOCs/blob/main/OCD-Datalake-russia-ukraine_IOCs-ALL.csv
f216bafa84123bacaabdf4ad622eb80d0e2d8425fd8937dc100d65bdc1af725e,SHA-256,-,-,Orange Cyber Defense,https://github.com/Orange-Cyberdefense/russia-ukraine_IOCs/blob/main/OCD-Datalake-russia-ukraine_IOCs-ALL.csv
f2492a8000e0187a733f86dcf3a13206199e3354a86609967fb572e1079feee2,SHA-256,-,-,Orange Cyber Defense,https://github.com/Orange-Cyberdefense/russia-ukraine_IOCs/blob/main/OCD-Datalake-russia-ukraine_IOCs-ALL.csv
f46638bb3b63178b3b0bab886f643b791733178bd5e06fad19e86da978286c52,SHA-256,-,-,Orange Cyber Defense,https://github.com/Orange-Cyberdefense/russia-ukraine_IOCs/blob/main/OCD-Datalake-russia-ukraine_IOCs-ALL.csv
f49c0774f1ec84f33db771801eea1edf,MD5,-,-,Orange Cyber Defense,https://github.com/Orange-Cyberdefense/russia-ukraine_IOCs/blob/main/OCD-Datalake-russia-ukraine_IOCs-ALL.csv
f59b8a22ee610741acdce9a9cec37b63b0684493dd292323c522fdca72afd1b9,SHA-256,-,-,Orange Cyber Defense,https://github.com/Orange-Cyberdefense/russia-ukraine_IOCs/blob/main/OCD-Datalake-russia-ukraine_IOCs-ALL.csv
f6c56a51c1f0139036e80a517a6634d4d87d05cce17c4ca5adc1055b42bf03aa,SHA-256,-,-,Orange Cyber Defense,https://github.com/Orange-Cyberdefense/russia-ukraine_IOCs/blob/main/OCD-Datalake-russia-ukraine_IOCs-ALL.csv
f6fe720f10737e0fdce27de90bdff3f63948c4b05f74b86b11f9b4439e0943d3,SHA-256,-,-,Orange Cyber Defense,https://github.com/Orange-Cyberdefense/russia-ukraine_IOCs/blob/main/OCD-Datalake-russia-ukraine_IOCs-ALL.csv
f8a90cd8727c9dfad3f850e7195af719a12e4c66f57dcf2671f20b550e0d6578,SHA-256,-,-,Orange Cyber Defense,https://github.com/Orange-Cyberdefense/russia-ukraine_IOCs/blob/main/OCD-Datalake-russia-ukraine_IOCs-ALL.csv
f8dcd730cd06b18dc109473b7dac83c4f74f5c0c864cecc80bbf9e8bae974d8e,SHA-256,-,-,Orange Cyber Defense,https://github.com/Orange-Cyberdefense/russia-ukraine_IOCs/blob/main/OCD-Datalake-russia-ukraine_IOCs-ALL.csv
f9259ff9c86927dcf987123ec193e1270b00ae62b7ad6f2757b5689451be0b8a,SHA-256,-,-,Orange Cyber Defense,https://github.com/Orange-Cyberdefense/russia-ukraine_IOCs/blob/main/OCD-Datalake-russia-ukraine_IOCs-ALL.csv
f933791dfb9ea729e75937923690fe86e69e25b17d85aaa12ace29b0657bcf29,SHA-256,-,-,Orange Cyber Defense,https://github.com/Orange-Cyberdefense/russia-ukraine_IOCs/blob/main/OCD-Datalake-russia-ukraine_IOCs-ALL.csv
fa1821b75cc3931a49cead2242a1b0c8976c1e1d4e7425a80e294e8ddc976061,SHA-256,-,-,Orange Cyber Defense,https://github.com/Orange-Cyberdefense/russia-ukraine_IOCs/blob/main/OCD-Datalake-russia-ukraine_IOCs-ALL.csv
fc4c887b1d6684c3dda256c4eec3ba70,MD5,-,-,Orange Cyber Defense,https://github.com/Orange-Cyberdefense/russia-ukraine_IOCs/blob/main/OCD-Datalake-russia-ukraine_IOCs-ALL.csv
fcd99df8b7c2774fe2c6163303494bf8f163dcd0d0195bdfe5c2870ddc4b54ad,SHA-256,-,-,Orange Cyber Defense,https://github.com/Orange-Cyberdefense/russia-ukraine_IOCs/blob/main/OCD-Datalake-russia-ukraine_IOCs-ALL.csv
fce3b4af6b891ee95c1819a1d9ace13b9be20fd50e25ecc3b18b8cb06419f0cb,SHA-256,-,-,Orange Cyber Defense,https://github.com/Orange-Cyberdefense/russia-ukraine_IOCs/blob/main/OCD-Datalake-russia-ukraine_IOCs-ALL.csv
fd204f552fcc0fc8d63650302742c2d9e32175eb9675f5e57eeb2012816519d5,SHA-256,-,-,Orange Cyber Defense,https://github.com/Orange-Cyberdefense/russia-ukraine_IOCs/blob/main/OCD-Datalake-russia-ukraine_IOCs-ALL.csv
fd9a9dd9c73088d1ffdea85540ee671d8abb6b5ab37d66a760b2350951c784d0,SHA-256,-,-,Orange Cyber Defense,https://github.com/Orange-Cyberdefense/russia-ukraine_IOCs/blob/main/OCD-Datalake-russia-ukraine_IOCs-ALL.csv
ff3e78c8994d3cc1b5c7545ebd5e1dcbab430167f1c3333f4ddad509d06176ed,SHA-256,-,-,Orange Cyber Defense,https://github.com/Orange-Cyberdefense/russia-ukraine_IOCs/blob/main/OCD-Datalake-russia-ukraine_IOCs-ALL.csv
